FID,lon,lat,Mass,Eruption_Start,Eruption_Duration,Last_Eruption,Elevation,FA,SHF,LAB,Curie,Magnetics,Moho,Volcano_Landform,Volcano_Type,Tectonic_Setting,Crustal_Type,Dominant_Rock
1,115.508,-8.343,0.0698,20171125,22,2019,2997,26,46,60,37,119,31,3,4,3,1,1
2,40.553,13.793,0.066,20080311,281,2008,578,3,111,24,12,-6,24,2,8,2,3,2
5,-84.703,10.463,0.408,19800000,2858,2010,1670,72,16,41,20.5,22,37,3,4,3,1,1
6,-84.703,10.463,0.259,19880000,3554,2010,1670,72,16,41,20.5,22,37,3,4,3,1,1
7,-84.703,10.463,0.0486,19970000,861,2010,1670,72,16,41,20.5,22,37,3,4,3,1,1
8,-84.703,10.463,0.0297,20000000,1487,2010,1670,72,16,41,20.5,22,37,3,4,3,1,1
9,138.523,36.406,0.000059,20040915,4,2019,2568,70,178,50,21,28,36,3,2,3,1,1
10,131.085,32.8849,0.00000004,20030710,0,2021,1592,53,92,43,17,-32,35,1,1,3,1,1
11,131.085,32.8849,0.00000003,20040114,0,2021,1592,53,92,43,17,-32,35,1,1,3,1,1
12,131.085,32.8849,0.00000015,20141125,4,2021,1592,53,92,43,17,-32,35,1,1,3,1,1
13,131.085,32.8849,0.00000007,20141129,3,2021,1592,53,92,43,17,-32,35,1,1,3,1,1
14,131.085,32.8849,0.00000002,20141202,6,2021,1592,53,92,43,17,-32,35,1,1,3,1,1
15,131.085,32.8849,0.00000039,20141223,15,2021,1592,53,92,43,17,-32,35,1,1,3,1,1
16,-153.435,59.3626,0.0315,20060113,0,2006,1218,25,62,53,33,217,39,3,5,3,1,1
17,-153.435,59.3626,0.00208,20060117,4,2006,1218,25,62,53,33,217,39,3,5,3,1,1
18,-153.435,59.3626,0.0325,20060127,0,2006,1218,25,62,53,33,217,39,3,5,3,1,1
19,-153.435,59.3626,0.00182,20060114,2,2006,1218,25,62,53,33,217,39,3,5,3,1,1
20,-153.435,59.3626,0.00442,20060117,6,2006,1218,25,62,53,33,217,39,3,5,3,1,1
21,-153.435,59.3626,0.0283,20060202,8,2006,1218,25,62,53,33,217,39,3,5,3,1,1
22,158.836,53.256,0.0278,19910113,10,2001,2717,115,61,53,33,10,34,3,4,3,1,1
26,-17.516,64.633,3.64,20140829,182,2015,2000,55,128,40,15,-110,26,3,4,2,2,2
27,160.595,55.972,0.21,20190315,0,2024,2882,13,58,44,22,500,33,3,4,3,1,1
28,160.595,55.972,0.00754,20091216,0,2024,2882,13,58,44,22,500,33,3,4,3,1,1
29,160.595,55.972,0.0936,20060731,2501,2024,2882,13,58,44,22,500,33,3,4,3,1,1
30,160.595,55.972,0.0988,20130605,1557,2024,2882,13,58,44,22,500,33,3,4,3,1,1
31,-72.618,-41.33,0.101,20150422,0,2015,1974,35,136,47,26,4,38,3,4,3,1,1
32,-72.618,-41.33,0.317,20150423,0,2015,1974,35,136,47,26,4,38,3,4,3,1,1
33,9.17,4.203,0.0266,19821016,28,2000,4095,40,72,117,41,17,29,3,4,1,1,4
34,9.17,4.203,0.169,19990328,26,2000,4095,40,72,117,41,17,29,3,4,1,1,4
35,9.17,4.203,0.0156,20000528,23,2000,4095,40,72,117,41,17,29,3,4,1,1,4
36,-91.408,-0.92,0.297,19980915,37,2008,1640,20,107,20,10,13,15,4,3,2,2,2
37,-72.97,-45.9,0.2,19910808,1,2011,1905,67,21,48,24,3,34,3,4,3,1,2
38,-72.97,-45.9,6.03,19910812,2,2011,1905,67,21,48,24,3,34,3,4,3,1,2
39,-86.702,12.506,0.00346,19951129,4,1999,728,18,69,38,27,41,35,5,6,3,1,2
40,-86.702,12.506,0.036,19920410,1,1999,728,18,69,38,27,41,35,5,6,3,1,2
41,-86.702,12.506,0.00888,19951122,11,1999,728,18,69,38,27,41,35,5,6,3,1,2
42,-72.6514,-42.8349,0.228,20080511,16,2011,1122,25,81,47,24,3,35,1,1,3,1,6
43,-72.6514,-42.8349,0.0041,20080502,0,2011,1122,25,81,47,24,3,35,1,1,3,1,6
44,-72.6514,-42.8349,0.26,20080503,3,2011,1122,25,81,47,24,3,35,1,1,3,1,6
45,-72.6514,-42.8349,0.22,20080506,0,2011,1122,25,81,47,24,3,35,1,1,3,1,6
46,-103.62,19.514,0.00319,20070201,1610,2019,3850,26,54,32,16,-57,32,3,4,3,1,1
47,-78.436,-0.677,0.000765,20150815,24,2023,5911,116,67,63,27,-11,52,3,4,3,1,1
48,-78.436,-0.677,0.000228,20151002,16,2023,5911,116,67,63,27,-11,52,3,4,3,1,1
49,-78.436,-0.677,0.0000349,20151104,21,2023,5911,116,67,63,27,-11,52,3,4,3,1,1
50,-93.2297,17.3602,0.5,19820323,0,1982,1150,58,42,66,30,-19,34,3,5,3,1,5
51,-93.2297,17.3602,0.969,19820404,0,1982,1150,58,42,66,30,-19,34,3,5,3,1,5
52,-93.2297,17.3602,0.7,19820404,0,1982,1150,58,42,66,30,-19,34,3,5,3,1,5
53,40.666,13.601,0.104,20141001,1734,2024,585,7,109,24,12,-14,24,4,3,2,3,2
54,14.999,37.748,0.003,19990904,1,2024,3357,135,35,61,22,-116,31,3,4,3,1,4
55,14.999,37.748,0.00087,20021027,0,2024,3357,135,35,61,22,-116,31,3,4,3,1,4
56,14.999,37.748,0.00095,20021028,0,2024,3357,135,35,61,22,-116,31,3,4,3,1,4
57,14.999,37.748,0.00045,20021031,0,2024,3357,135,35,61,22,-116,31,3,4,3,1,4
58,14.999,37.748,0.00139,20021104,1,2024,3357,135,35,61,22,-116,31,3,4,3,1,4
59,14.999,37.748,0.000007,20061106,0,2024,3357,135,35,61,22,-116,31,3,4,3,1,4
60,14.999,37.748,0.00018,20061124,0,2024,3357,135,35,61,22,-116,31,3,4,3,1,4
61,14.999,37.748,0.00015,20110112,0,2024,3357,135,35,61,22,-116,31,3,4,3,1,4
62,14.999,37.748,0.002,20130223,0,2024,3357,135,35,61,22,-116,31,3,4,3,1,4
63,14.999,37.748,0.00138,20131123,0,2024,3357,135,35,61,22,-116,31,3,4,3,1,4
64,14.999,37.748,0.0000355,20160518,0,2024,3357,135,35,61,22,-116,31,3,4,3,1,4
65,14.999,37.748,0.00000555,20160521,0,2024,3357,135,35,61,22,-116,31,3,4,3,1,4
66,14.999,37.748,0.234,19830328,131,2024,3357,135,35,61,22,-116,31,3,4,3,1,4
67,14.999,37.748,0.026,19840428,172,2024,3357,135,35,61,22,-116,31,3,4,3,1,4
68,14.999,37.748,0.0715,19850312,123,2024,3357,135,35,61,22,-116,31,3,4,3,1,4
69,14.999,37.748,0.148,19861030,122,2024,3357,135,35,61,22,-116,31,3,4,3,1,4
70,14.999,37.748,0.0676,19890927,12,2024,3357,135,35,61,22,-116,31,3,4,3,1,4
71,14.999,37.748,0.601,19911214,473,2024,3357,135,35,61,22,-116,31,3,4,3,1,4
72,14.999,37.748,0.0255,20021027,9,2024,3357,135,35,61,22,-116,31,3,4,3,1,4
73,14.999,37.748,0.00234,20021028,4,2024,3357,135,35,61,22,-116,31,3,4,3,1,4
74,14.999,37.748,0.0735,20021113,77,2024,3357,135,35,61,22,-116,31,3,4,3,1,4
75,14.999,37.748,0.00294,20070904,1,2024,3357,135,35,61,22,-116,31,3,4,3,1,4
76,14.999,37.748,0.00406,20071123,1,2024,3357,135,35,61,22,-116,31,3,4,3,1,4
77,14.999,37.748,0.0149,20080510,0,2024,3357,135,35,61,22,-116,31,3,4,3,1,4
78,14.999,37.748,0.192,20080513,419,2024,3357,135,35,61,22,-116,31,3,4,3,1,4
79,14.999,37.748,0.0143,20130219,0,2024,3357,135,35,61,22,-116,31,3,4,3,1,4
80,14.999,37.748,0.00754,20130403,0,2024,3357,135,35,61,22,-116,31,3,4,3,1,4
81,14.999,37.748,0.00182,20130412,0,2024,3357,135,35,61,22,-116,31,3,4,3,1,4
82,14.999,37.748,0.0078,20130418,0,2024,3357,135,35,61,22,-116,31,3,4,3,1,4
83,14.999,37.748,0.00338,20130420,0,2024,3357,135,35,61,22,-116,31,3,4,3,1,4
84,14.999,37.748,0.00234,20130427,0,2024,3357,135,35,61,22,-116,31,3,4,3,1,4
85,14.999,37.748,0.00439,20131026,0,2024,3357,135,35,61,22,-116,31,3,4,3,1,4
86,14.999,37.748,0.00442,20131111,0,2024,3357,135,35,61,22,-116,31,3,4,3,1,4
87,14.999,37.748,0.0013,20131116,0,2024,3357,135,35,61,22,-116,31,3,4,3,1,4
88,14.999,37.748,0.00182,20131128,0,2024,3357,135,35,61,22,-116,31,3,4,3,1,4
89,14.999,37.748,0.00234,20131202,0,2024,3357,135,35,61,22,-116,31,3,4,3,1,4
90,14.999,37.748,0.00416,20131215,3,2024,3357,135,35,61,22,-116,31,3,4,3,1,4
91,14.999,37.748,0.0052,20131229,3,2024,3357,135,35,61,22,-116,31,3,4,3,1,4
92,14.999,37.748,0.0203,20140122,76,2024,3357,135,35,61,22,-116,31,3,4,3,1,4
93,14.999,37.748,0.00598,20140614,4,2024,3357,135,35,61,22,-116,31,3,4,3,1,4
94,14.999,37.748,0.0153,20140705,36,2024,3357,135,35,61,22,-116,31,3,4,3,1,4
95,14.999,37.748,0.00676,20140808,5,2024,3357,135,35,61,22,-116,31,3,4,3,1,4
96,-19.633,63.633,0.048,20100320,23,2010,1651,29,87,38,14,420,24,3,4,2,2,2
97,-19.633,63.633,0.17,20100414,4,2010,1651,29,87,38,14,420,24,3,4,2,2,2
98,-19.633,63.633,0.19,20100505,13,2010,1651,29,87,38,14,420,24,3,4,2,2,2
99,-19.633,63.633,0.01,20100518,5,2010,1651,29,87,38,14,420,24,3,4,2,2,2
100,-19.633,63.633,0.104,20100418,17,2010,1651,29,87,38,14,420,24,3,4,2,2,2
101,-91.55,-0.37,0.0405,19880914,2,2024,1476,-12,106,19,9.5,-30,15,4,3,2,2,2
102,-91.55,-0.37,0.113,19950125,73,2024,1476,-12,106,19,9.5,-30,15,4,3,2,2,2
103,-91.55,-0.37,0.0378,20050513,17,2024,1476,-12,106,19,9.5,-30,15,4,3,2,2,2
104,-91.55,-0.37,0.128,20090410,19,2024,1476,-12,106,19,9.5,-30,15,4,3,2,2,2
105,-91.55,-0.37,0.0291,20170904,4,2024,1476,-12,106,19,9.5,-30,15,4,3,2,2,2
106,-91.55,-0.37,0.0178,20180616,6,2024,1476,-12,106,19,9.5,-30,15,4,3,2,2,2
107,-24.35,14.95,0.148,19950402,54,2015,2829,19,60,80,13,-8,11,3,4,1,3,7
108,-24.35,14.95,0.0928,20141123,78,2015,2829,19,60,80,13,-8,11,3,4,1,3,7
109,55.708,-21.244,0.0305,19810203,92,2023,2632,81,45,75,26,-50,16,4,3,1,2,2
110,55.708,-21.244,0.0493,19831204,77,2023,2632,81,45,75,26,-50,16,4,3,1,2,2
111,55.708,-21.244,0.00203,19851201,1,2023,2632,81,45,75,26,-50,16,4,3,1,2,2
112,55.708,-21.244,0.0203,19851229,40,2023,2632,81,45,75,26,-50,16,4,3,1,2,2
113,55.708,-21.244,0.00145,19860319,0,2023,2632,81,45,75,26,-50,16,4,3,1,2,2
114,55.708,-21.244,0.0261,19860319,4,2023,2632,81,45,75,26,-50,16,4,3,1,2,2
115,55.708,-21.244,0.0116,19860323,5,2023,2632,81,45,75,26,-50,16,4,3,1,2,2
116,55.708,-21.244,0.000783,19860713,0,2023,2632,81,45,75,26,-50,16,4,3,1,2,2
117,55.708,-21.244,0.000029,19860713,0,2023,2632,81,45,75,26,-50,16,4,3,1,2,2
118,55.708,-21.244,0.000783,19861112,1,2023,2632,81,45,75,26,-50,16,4,3,1,2,2
119,55.708,-21.244,0.000696,19861126,1,2023,2632,81,45,75,26,-50,16,4,3,1,2,2
120,55.708,-21.244,0.0058,19861206,31,2023,2632,81,45,75,26,-50,16,4,3,1,2,2
121,55.708,-21.244,0.029,19870601,35,2023,2632,81,45,75,26,-50,16,4,3,1,2,2
122,55.708,-21.244,0.0029,19870610,19,2023,2632,81,45,75,26,-50,16,4,3,1,2,2
123,55.708,-21.244,0.0029,19870719,1,2023,2632,81,45,75,26,-50,16,4,3,1,2,2
124,55.708,-21.244,0.00464,19871106,2,2023,2632,81,45,75,26,-50,16,4,3,1,2,2
125,55.708,-21.244,0.029,19871130,32,2023,2632,81,45,75,26,-50,16,4,3,1,2,2
126,55.708,-21.244,0.0232,19880207,55,2023,2632,81,45,75,26,-50,16,4,3,1,2,2
127,55.708,-21.244,0.087,19880518,75,2023,2632,81,45,75,26,-50,16,4,3,1,2,2
128,55.708,-21.244,0.0116,19880831,11,2023,2632,81,45,75,26,-50,16,4,3,1,2,2
129,55.708,-21.244,0.0116,19881214,15,2023,2632,81,45,75,26,-50,16,4,3,1,2,2
130,55.708,-21.244,0.00281,19900118,1,2023,2632,81,45,75,26,-50,16,4,3,1,2,2
131,55.708,-21.244,0.0232,19900418,20,2023,2632,81,45,75,26,-50,16,4,3,1,2,2
132,55.708,-21.244,0.0145,19910718,2,2023,2632,81,45,75,26,-50,16,4,3,1,2,2
133,55.708,-21.244,0.016,19920827,27,2023,2632,81,45,75,26,-50,16,4,3,1,2,2
134,55.708,-21.244,0.174,19980309,196,2023,2632,81,45,75,26,-50,16,4,3,1,2,2
135,55.708,-21.244,0.00261,19980808,38,2023,2632,81,45,75,26,-50,16,4,3,1,2,2
136,55.708,-21.244,0.00218,19980311,21,2023,2632,81,45,75,26,-50,16,4,3,1,2,2
137,55.708,-21.244,0.00377,19990719,12,2023,2632,81,45,75,26,-50,16,4,3,1,2,2
138,55.708,-21.244,0.00406,19990928,25,2023,2632,81,45,75,26,-50,16,4,3,1,2,2
139,55.708,-21.244,0.0238,20000213,20,2023,2632,81,45,75,26,-50,16,4,3,1,2,2
140,55.708,-21.244,0.029,20000623,37,2023,2632,81,45,75,26,-50,16,4,3,1,2,2
141,55.708,-21.244,0.0261,20001012,33,2023,2632,81,45,75,26,-50,16,4,3,1,2,2
142,55.708,-21.244,0.0139,20010327,8,2023,2632,81,45,75,26,-50,16,4,3,1,2,2
143,55.708,-21.244,0.0276,20010611,26,2023,2632,81,45,75,26,-50,16,4,3,1,2,2
144,55.708,-21.244,0.0377,20020105,11,2023,2632,81,45,75,26,-50,16,4,3,1,2,2
145,55.708,-21.244,0.0232,20021116,20,2023,2632,81,45,75,26,-50,16,4,3,1,2,2
146,55.708,-21.244,0.00626,20030530,38,2023,2632,81,45,75,26,-50,16,4,3,1,2,2
147,55.708,-21.244,0.018,20030822,5,2023,2632,81,45,75,26,-50,16,4,3,1,2,2
148,55.708,-21.244,0.0029,20030930,1,2023,2632,81,45,75,26,-50,16,4,3,1,2,2
149,55.708,-21.244,0.00348,20031207,18,2023,2632,81,45,75,26,-50,16,4,3,1,2,2
150,55.708,-21.244,0.00551,20040108,1,2023,2632,81,45,75,26,-50,16,4,3,1,2,2
151,55.708,-21.244,0.049,20040502,16,2023,2632,81,45,75,26,-50,16,4,3,1,2,2
152,55.708,-21.244,0.058,20040812,62,2023,2632,81,45,75,26,-50,16,4,3,1,2,2
153,55.708,-21.244,0.0551,20050217,9,2023,2632,81,45,75,26,-50,16,4,3,1,2,2
154,55.708,-21.244,0.0058,20051004,13,2023,2632,81,45,75,26,-50,16,4,3,1,2,2
155,55.708,-21.244,0.0029,20051129,0,2023,2632,81,45,75,26,-50,16,4,3,1,2,2
156,55.708,-21.244,0.058,20051226,23,2023,2632,81,45,75,26,-50,16,4,3,1,2,2
157,55.708,-21.244,0.0058,20060720,26,2023,2632,81,45,75,26,-50,16,4,3,1,2,2
158,55.708,-21.244,0.058,20060830,124,2023,2632,81,45,75,26,-50,16,4,3,1,2,2
159,55.708,-21.244,0.0029,20070218,1,2023,2632,81,45,75,26,-50,16,4,3,1,2,2
160,55.708,-21.244,0.609,20070330,30,2023,2632,81,45,75,26,-50,16,4,3,1,2,2
161,55.708,-21.244,0.0029,20080921,11,2023,2632,81,45,75,26,-50,16,4,3,1,2,2
162,55.708,-21.244,0.00029,20081127,1,2023,2632,81,45,75,26,-50,16,4,3,1,2,2
163,55.708,-21.244,0.00435,20081214,52,2023,2632,81,45,75,26,-50,16,4,3,1,2,2
164,55.708,-21.244,0.000406,20091105,0,2023,2632,81,45,75,26,-50,16,4,3,1,2,2
165,55.708,-21.244,0.000464,20091214,1,2023,2632,81,45,75,26,-50,16,4,3,1,2,2
166,55.708,-21.244,0.00348,20100102,10,2023,2632,81,45,75,26,-50,16,4,3,1,2,2
167,55.708,-21.244,0.00783,20101014,16,2023,2632,81,45,75,26,-50,16,4,3,1,2,2
168,55.708,-21.244,0.00154,20101209,1,2023,2632,81,45,75,26,-50,16,4,3,1,2,2
169,55.708,-21.244,0.00116,20140620,1,2023,2632,81,45,75,26,-50,16,4,3,1,2,2
170,55.708,-21.244,0.00435,20150204,12,2023,2632,81,45,75,26,-50,16,4,3,1,2,2
171,55.708,-21.244,0.011,20150517,13,2023,2632,81,45,75,26,-50,16,4,3,1,2,2
172,55.708,-21.244,0.00928,20150731,2,2023,2632,81,45,75,26,-50,16,4,3,1,2,2
173,55.708,-21.244,0.103,20150824,55,2023,2632,81,45,75,26,-50,16,4,3,1,2,2
174,55.708,-21.244,0.00145,20160526,1,2023,2632,81,45,75,26,-50,16,4,3,1,2,2
175,55.708,-21.244,0.0172,20160911,7,2023,2632,81,45,75,26,-50,16,4,3,1,2,2
176,55.708,-21.244,0.0183,20170131,27,2023,2632,81,45,75,26,-50,16,4,3,1,2,2
177,55.708,-21.244,0.0154,20170713,45,2023,2632,81,45,75,26,-50,16,4,3,1,2,2
178,-77.37,1.22,0.0004,19890504,5,2014,4276,170,172,89,27,-28,45,3,2,3,1,1
179,-77.37,1.22,0.00104,19911009,38,2014,4276,170,172,89,27,-28,45,3,2,3,1,1
180,-17.316,64.416,0.026,19830528,6,2011,1719,39,115,40,16,107,26,1,1,2,2,2
181,-17.316,64.416,1.08,19960930,38,2011,1719,39,115,40,16,107,26,1,1,2,2,2
182,-17.316,64.416,0.056,20041101,1,2011,1719,39,115,40,16,107,26,1,1,2,2,2
183,-17.316,64.416,0.189,19981218,10,2011,1719,39,115,40,16,107,26,1,1,2,2,2
184,-17.316,64.416,0.729,20110521,1,2011,1719,39,115,40,16,107,26,1,1,2,2,2
185,-19.666,63.983,0.268,19800817,1,2000,1490,44,93,39,13,-207,25,3,4,2,2,1
186,-19.666,63.983,0.102,19810409,7,2000,1490,44,93,39,13,-207,25,3,4,2,2,1
187,-19.666,63.983,0.294,19910117,2,2000,1490,44,93,39,13,-207,25,3,4,2,2,1
188,-19.666,63.983,0.229,19910118,51,2000,1490,44,93,39,13,-207,25,3,4,2,2,1
189,-19.666,63.983,0.207,20000227,11,2000,1490,44,93,39,13,-207,25,3,4,2,2,1
190,-19.666,63.983,0.0663,19800817,0,2000,1490,44,93,39,13,-207,25,3,4,2,2,1
191,-19.666,63.983,0.0255,19910117,0,2000,1490,44,93,39,13,-207,25,3,4,2,2,1
192,-19.666,63.983,0.0102,20000226,0,2000,1490,44,93,39,13,-207,25,3,4,2,2,1
193,-76.03,2.93,0.135,20081026,95,2012,5364,231,102,134,39,23,46,3,4,3,1,1
194,127.63,1.488,0.0418,19990101,5053,2024,1325,56,56,45,25,7,27,3,4,3,2,1
195,125.407,2.781,0.0127,20000405,263,2023,1797,52,58,34,17,4,24,3,4,3,2,1
196,125.407,2.781,0.0253,20020422,219,2023,1797,52,58,34,17,4,24,3,4,3,2,1
197,125.407,2.781,0.0032,20020725,71,2023,1797,52,58,34,17,4,24,3,4,3,2,1
198,125.407,2.781,0.00653,20030302,162,2023,1797,52,58,34,17,4,24,3,4,3,2,1
199,125.407,2.781,0.00618,20050205,46,2023,1797,52,58,34,17,4,24,3,4,3,2,1
200,125.407,2.781,0.0325,20060210,334,2023,1797,52,58,34,17,4,24,3,4,3,2,1
201,125.407,2.781,0.005,20100816,64,2023,1797,52,58,34,17,4,24,3,4,3,2,1
202,125.407,2.781,0.0134,20140608,55,2023,1797,52,58,34,17,4,24,3,4,3,2,1
203,125.407,2.781,0.0161,20181124,91,2023,1797,52,58,34,17,4,24,3,4,3,2,1
204,125.407,2.781,0.0176,20190722,66,2023,1797,52,58,34,17,4,24,3,4,3,2,1
205,43.38,-11.75,0.0522,20060528,5,2007,2361,-26,61,94,62,6,14,4,3,1,2,2
206,43.38,-11.75,0.05,20050416,2,2007,2361,-26,61,94,62,6,14,4,3,1,2,2
207,43.38,-11.75,0.05,20051124,14,2007,2361,-26,61,94,62,6,14,4,3,1,2,2
208,43.38,-11.75,0.00029,20070113,1,2007,2361,-26,61,94,62,6,14,4,3,1,2,2
209,-175.508,52.177,0.28,20080807,1,2008,314,174,82,55,27.5,103,19,3,4,3,3,2
210,112.314,-7.935,0.525,20140213,0,2014,1730,111,22,76,34,-31,32,3,4,3,1,1
211,112.314,-7.935,0.126,19900210,0,2014,1730,111,22,76,34,-31,32,3,4,3,1,1
212,112.314,-7.935,0.091,20071103,165,2014,1730,111,22,76,34,-31,32,3,4,3,1,1
213,-155.287,19.421,1.08,19830103,1208,2024,1222,56,36,76,15,-65,15,4,3,1,2,2
214,-155.287,19.421,1.41,19860718,2031,2024,1222,56,36,76,15,-65,15,4,3,1,2,2
215,-155.287,19.421,1.73,19920217,1809,2024,1222,56,36,76,15,-65,15,4,3,1,2,2
216,-155.287,19.421,4.65,19970224,3768,2024,1222,56,36,76,15,-65,15,4,3,1,2,2
217,-155.287,19.421,1.76,20070701,1344,2024,1222,56,36,76,15,-65,15,4,3,1,2,2
218,-155.287,19.421,0.00756,20110305,5,2024,1222,56,36,76,15,-65,15,4,3,1,2,2
219,-155.287,19.421,0.112,20110326,143,2024,1222,56,36,76,15,-65,15,4,3,1,2,2
220,-155.287,19.421,1.56,20110820,2417,2024,1222,56,36,76,15,-65,15,4,3,1,2,2
221,-155.287,19.421,2.24,20180430,97,2024,1222,56,36,76,15,-65,15,4,3,1,2,2
222,130.862,31.934,0.0274,20110126,0,2018,1700,20,0,41,16,-40,33,4,3,3,1,1
223,130.862,31.934,0.00575,20110127,0,2018,1700,20,0,41,16,-40,33,4,3,3,1,1
224,130.862,31.934,0.04,20110128,4,2018,1700,20,0,41,16,-40,33,4,3,3,1,1
225,160.32,55.131,0.143,20110203,214,2013,2334,128,46,47,23.5,-487,33,3,4,3,1,1
226,160.32,55.131,0.306,20110906,96,2013,2334,128,46,47,23.5,-487,33,3,4,3,1,1
227,160.642,56.056,0.0008,19800306,7,2023,4754,14,58,44,22,500,32,3,4,3,1,2
228,160.642,56.056,0.125,19830308,112,2023,4754,14,58,44,22,500,32,3,4,3,1,2
229,160.642,56.056,0.252,19840406,547,2023,4754,14,58,44,22,500,32,3,4,3,1,2
230,160.642,56.056,0.001,19870224,20,2023,4754,14,58,44,22,500,32,3,4,3,1,2
231,160.642,56.056,0.085,19880129,230,2023,4754,14,58,44,22,500,32,3,4,3,1,2
232,160.642,56.056,0.004,19880223,25,2023,4754,14,58,44,22,500,32,3,4,3,1,2
233,160.642,56.056,0.137,20050116,169,2023,4754,14,58,44,22,500,32,3,4,3,1,2
234,-16.728,65.715,0.159,19800316,222,1984,800,65,124,32,12,258,25,2,1,2,2,2
235,-16.728,65.715,0.0832,19810130,6,1984,800,65,124,32,12,258,25,2,1,2,2,2
236,-16.728,65.715,0.109,19811118,6,1984,800,65,124,32,12,258,25,2,1,2,2,2
237,-16.728,65.715,0.26,19840904,15,1984,800,65,124,32,12,258,25,2,1,2,2,2
238,130.217,30.443,0.00134,20150529,1,2020,657,25,484,40,18,-5,25,3,4,3,2,1
239,-67.73,-23.37,0.25,19930419,1,2023,5592,82,175,83,29,10,56,3,4,3,1,1
240,-67.73,-23.37,0.00416,19890201,89,2023,5592,82,175,83,29,10,56,3,4,3,1,1
241,-67.73,-23.37,0.00286,19920226,12,2023,5592,82,175,83,29,10,56,3,4,3,1,1
242,-67.73,-23.37,0.0156,19930424,2,2023,5592,82,175,83,29,10,56,3,4,3,1,1
243,-71.586,-38.379,0.174,19881225,27,1990,2832,58,221,55,25,-4,43,3,4,3,1,1
244,-71.586,-38.379,0.052,19890121,96,1990,2832,58,221,55,25,-4,43,3,4,3,1,1
245,-71.586,-38.379,0.039,19881227,6,1990,2832,58,221,55,25,-4,43,3,4,3,1,1
246,-71.586,-38.379,0.084,19890102,5,1990,2832,58,221,55,25,-4,43,3,4,3,1,1
247,-71.586,-38.379,0.0624,19890107,19,1990,2832,58,221,55,25,-4,43,3,4,3,1,1
248,-71.586,-38.379,0.0133,19890126,7,1990,2832,58,221,55,25,-4,43,3,4,3,1,1
249,-71.586,-38.379,0.013,19890202,10,1990,2832,58,221,55,25,-4,43,3,4,3,1,1
250,-71.586,-38.379,0.386,19890212,346,1990,2832,58,221,55,25,-4,43,3,4,3,1,1
251,40.82,12.17,0.0185,20070812,3,2009,600,2,86,25,12.5,-47,25,4,3,2,3,2
252,40.82,12.17,0.0441,20090628,4,2009,600,2,86,25,12.5,-47,25,4,3,2,3,2
253,-155.608,19.475,0.55,19840325,21,2022,4170,98,35,75,15,-33,15,4,3,1,2,2
254,123.685,13.257,0.182,19840909,28,2024,2462,78,41,44,15,0,25,3,4,3,1,1
255,123.685,13.257,0.182,20060713,81,2024,2462,78,41,44,15,0,25,3,4,3,1,1
256,123.685,13.257,0.0962,20090915,109,2024,2462,78,41,44,15,0,25,3,4,3,1,1
257,110.446,-7.54,0.1,20101104,2,2024,2910,103,65,77,28,23,35,3,4,3,1,1
258,110.446,-7.54,0.013,20101101,2,2024,2910,103,65,77,28,23,35,3,4,3,1,1
259,110.446,-7.54,0.0039,20101106,1,2024,2910,103,65,77,28,23,35,3,4,3,1,1
260,139.526,34.094,0.0106,20100818,0,2010,775,101,64,49,22,94,23,3,4,3,2,2
261,-75.324,4.892,0.0415,19851113,0,2024,5279,30,141,168,27,27,46,3,4,3,1,1
262,-75.324,4.892,0.0027,19890901,0,2024,5279,30,141,168,27,27,46,3,4,3,1,1
263,-75.324,4.892,0.0027,20151001,578,2024,5279,30,141,168,27,27,46,3,4,3,1,1
266,29.2,-1.408,0.181,19800130,26,2024,3058,39,112,131,27,40,34,4,3,2,1,4
267,29.2,-1.408,0.339,19811225,21,2024,3058,39,112,131,27,40,34,4,3,2,1,4
268,29.2,-1.408,0.19,19840223,21,2024,3058,39,112,131,27,40,34,4,3,2,1,4
269,29.2,-1.408,0.156,19860716,36,2024,3058,39,112,131,27,40,34,4,3,2,1,4
270,29.2,-1.408,0.0166,19871230,5,2024,3058,39,112,131,27,40,34,4,3,2,1,4
271,29.2,-1.408,0.368,19910920,508,2024,3058,39,112,131,27,40,34,4,3,2,1,4
272,29.2,-1.408,0.132,19940704,24,2024,3058,39,112,131,27,40,34,4,3,2,1,4
273,29.2,-1.408,0.132,19961201,17,2024,3058,39,112,131,27,40,34,4,3,2,1,4
274,29.2,-1.408,0.183,19981017,13,2024,3058,39,112,131,27,40,34,4,3,2,1,4
275,29.2,-1.408,0.125,20000127,16,2024,3058,39,112,131,27,40,34,4,3,2,1,4
276,29.2,-1.408,0.371,20010206,59,2024,3058,39,112,131,27,40,34,4,3,2,1,4
277,29.2,-1.408,0.15,20020725,64,2024,3058,39,112,131,27,40,34,4,3,2,1,4
278,29.2,-1.408,0.21,20040508,21,2024,3058,39,112,131,27,40,34,4,3,2,1,4
279,29.2,-1.408,0.123,20061127,13,2024,3058,39,112,131,27,40,34,4,3,2,1,4
280,29.2,-1.408,0.152,20100102,26,2024,3058,39,112,131,27,40,34,4,3,2,1,4
281,29.2,-1.408,0.269,20111106,148,2024,3058,39,112,131,27,40,34,4,3,2,1,4
282,29.2,-1.408,0.00398,20140530,716,2024,3058,39,112,131,27,40,34,4,3,2,1,4
283,29.2,-1.408,0.0331,20161127,157,2024,3058,39,112,131,27,40,34,4,3,2,1,4
284,29.2,-1.408,0.0424,20180418,379,2024,3058,39,112,131,27,40,34,4,3,2,1,4
285,29.2,-1.408,0.207,19890424,104,2024,3058,39,112,131,27,40,34,4,3,2,1,4
286,29.2,-1.408,0.0627,19890424,5,2024,3058,39,112,131,27,40,34,4,3,2,1,4
287,29.25,-1.52,0.406,19820621,118,2024,3470,36,110,131,27,38,34,3,4,2,1,7
288,29.25,-1.52,0.162,19940623,632,2024,3470,36,110,131,27,38,34,3,4,2,1,7
289,29.25,-1.52,0.0728,20020117,17,2024,3470,36,110,131,27,38,34,3,4,2,1,7
290,29.25,-1.52,0.165,20020517,3292,2024,3470,36,110,131,27,38,34,3,4,2,1,7
291,29.25,-1.52,0.087,20160000,1461,2024,3470,36,110,131,27,38,34,3,4,2,1,7
292,-168.13,53.43,0.442,20080712,38,2008,1073,150,85,54,27,125,26,4,3,3,3,2
293,-168.13,53.43,0.4,19970211,97,2008,1073,150,85,54,27,125,26,4,3,3,3,2
294,-90.601,14.382,0.043,19910721,5,2021,2569,52,364,37,18.5,-3,37,3,2,3,1,2
295,-90.601,14.382,0.0039,19961111,0,2021,2569,52,364,37,18.5,-3,37,3,2,3,1,2
296,-90.601,14.382,0.0023,19980520,0,2021,2569,52,364,37,18.5,-3,37,3,2,3,1,2
297,-90.601,14.382,0.0108,20100527,1,2021,2569,52,364,37,18.5,-3,37,3,2,3,1,2
298,-90.601,14.382,0.0156,19610310,81,2021,2569,52,364,37,18.5,-3,37,3,2,3,1,2
299,-90.601,14.382,0.0000508,19610310,1,2021,2569,52,364,37,18.5,-3,37,3,2,3,1,2
300,-90.601,14.382,0.000017,19610310,1,2021,2569,52,364,37,18.5,-3,37,3,2,3,1,2
301,-90.601,14.382,0.0000495,19610310,1,2021,2569,52,364,37,18.5,-3,37,3,2,3,1,2
302,-90.601,14.382,0.0000225,19610310,1,2021,2569,52,364,37,18.5,-3,37,3,2,3,1,2
303,-90.601,14.382,0.00000138,19650808,1,2021,2569,52,364,37,18.5,-3,37,3,2,3,1,2
304,-90.601,14.382,0.00000138,19651212,1,2021,2569,52,364,37,18.5,-3,37,3,2,3,1,2
305,-90.601,14.382,0.000327,19651210,2,2021,2569,52,364,37,18.5,-3,37,3,2,3,1,2
306,-90.601,14.382,0.000451,19660109,1,2021,2569,52,364,37,18.5,-3,37,3,2,3,1,2
307,-90.601,14.382,0.00041,19660426,1,2021,2569,52,364,37,18.5,-3,37,3,2,3,1,2
308,-90.601,14.382,0.000323,19660521,1,2021,2569,52,364,37,18.5,-3,37,3,2,3,1,2
309,-90.601,14.382,0.0000046,19670105,3,2021,2569,52,364,37,18.5,-3,37,3,2,3,1,2
310,-90.601,14.382,0.00000368,19670226,1,2021,2569,52,364,37,18.5,-3,37,3,2,3,1,2
311,-90.601,14.382,0.00000299,19670226,1,2021,2569,52,364,37,18.5,-3,37,3,2,3,1,2
312,-90.601,14.382,0.00000299,19670226,1,2021,2569,52,364,37,18.5,-3,37,3,2,3,1,2
313,-90.601,14.382,0.000856,19670409,1,2021,2569,52,364,37,18.5,-3,37,3,2,3,1,2
314,-90.601,14.382,0.00228,19670702,135,2021,2569,52,364,37,18.5,-3,37,3,2,3,1,2
315,-90.601,14.382,0.000459,19670902,120,2021,2569,52,364,37,18.5,-3,37,3,2,3,1,2
316,-90.601,14.382,0.0013,19671130,1445,2021,2569,52,364,37,18.5,-3,37,3,2,3,1,2
317,-90.601,14.382,0.000399,19680101,62,2021,2569,52,364,37,18.5,-3,37,3,2,3,1,2
318,-90.601,14.382,0.000222,19680103,1,2021,2569,52,364,37,18.5,-3,37,3,2,3,1,2
319,-90.601,14.382,0.000322,19680211,11,2021,2569,52,364,37,18.5,-3,37,3,2,3,1,2
320,-90.601,14.382,0.000554,19681020,7,2021,2569,52,364,37,18.5,-3,37,3,2,3,1,2
321,-90.601,14.382,0.000775,19681124,1,2021,2569,52,364,37,18.5,-3,37,3,2,3,1,2
322,-90.601,14.382,0.000324,19690607,1,2021,2569,52,364,37,18.5,-3,37,3,2,3,1,2
323,-90.601,14.382,0.0000722,19691014,7,2021,2569,52,364,37,18.5,-3,37,3,2,3,1,2
324,-90.601,14.382,0.00034,19691124,74,2021,2569,52,364,37,18.5,-3,37,3,2,3,1,2
325,-90.601,14.382,0.000111,19700906,9,2021,2569,52,364,37,18.5,-3,37,3,2,3,1,2
326,-90.601,14.382,0.0000922,19700906,9,2021,2569,52,364,37,18.5,-3,37,3,2,3,1,2
327,-90.601,14.382,0.0000398,19700906,9,2021,2569,52,364,37,18.5,-3,37,3,2,3,1,2
328,-90.601,14.382,0.0000304,19700906,9,2021,2569,52,364,37,18.5,-3,37,3,2,3,1,2
329,-90.601,14.382,0.0000209,19700906,9,2021,2569,52,364,37,18.5,-3,37,3,2,3,1,2
330,-90.601,14.382,0.000032,19700906,9,2021,2569,52,364,37,18.5,-3,37,3,2,3,1,2
331,-90.601,14.382,0.000115,19700906,9,2021,2569,52,364,37,18.5,-3,37,3,2,3,1,2
332,-90.601,14.382,0.00737,19701212,148,2021,2569,52,364,37,18.5,-3,37,3,2,3,1,2
333,-90.601,14.382,0.000125,19711114,3,2021,2569,52,364,37,18.5,-3,37,3,2,3,1,2
334,-90.601,14.382,0.0000547,19720102,31,2021,2569,52,364,37,18.5,-3,37,3,2,3,1,2
335,-90.601,14.382,0.00456,19720202,25,2021,2569,52,364,37,18.5,-3,37,3,2,3,1,2
336,-90.601,14.382,0.00000184,19720306,1,2021,2569,52,364,37,18.5,-3,37,3,2,3,1,2
337,-90.601,14.382,0.00000575,19721006,9,2021,2569,52,364,37,18.5,-3,37,3,2,3,1,2
338,-90.601,14.382,0.00000138,19721006,9,2021,2569,52,364,37,18.5,-3,37,3,2,3,1,2
339,-90.601,14.382,0.0105,19721022,259,2021,2569,52,364,37,18.5,-3,37,3,2,3,1,2
340,-90.601,14.382,0.00407,19740120,526,2021,2569,52,364,37,18.5,-3,37,3,2,3,1,2
341,-90.601,14.382,0.00321,19740209,155,2021,2569,52,364,37,18.5,-3,37,3,2,3,1,2
342,-90.601,14.382,0.0244,19740224,133,2021,2569,52,364,37,18.5,-3,37,3,2,3,1,2
343,-90.601,14.382,0.00159,19741110,230,2021,2569,52,364,37,18.5,-3,37,3,2,3,1,2
344,-90.601,14.382,0.00939,19750718,54,2021,2569,52,364,37,18.5,-3,37,3,2,3,1,2
345,-90.601,14.382,0.00157,19801005,248,2021,2569,52,364,37,18.5,-3,37,3,2,3,1,2
346,-90.601,14.382,0.0000225,19801102,1,2021,2569,52,364,37,18.5,-3,37,3,2,3,1,2
347,-90.601,14.382,0.00000621,19801102,1,2021,2569,52,364,37,18.5,-3,37,3,2,3,1,2
348,-90.601,14.382,0.000316,19811009,11,2021,2569,52,364,37,18.5,-3,37,3,2,3,1,2
349,-90.601,14.382,0.0173,19820214,357,2021,2569,52,364,37,18.5,-3,37,3,2,3,1,2
350,-90.601,14.382,0.00000598,19830904,1,2021,2569,52,364,37,18.5,-3,37,3,2,3,1,2
351,-90.601,14.382,0.000359,19830911,13,2021,2569,52,364,37,18.5,-3,37,3,2,3,1,2
352,-90.601,14.382,0.00000161,19830911,13,2021,2569,52,364,37,18.5,-3,37,3,2,3,1,2
353,-90.601,14.382,0.000221,19830915,7,2021,2569,52,364,37,18.5,-3,37,3,2,3,1,2
354,-90.601,14.382,0.000081,19830922,8,2021,2569,52,364,37,18.5,-3,37,3,2,3,1,2
355,-90.601,14.382,0.0000497,19830922,8,2021,2569,52,364,37,18.5,-3,37,3,2,3,1,2
356,-90.601,14.382,0.000178,19831120,1,2021,2569,52,364,37,18.5,-3,37,3,2,3,1,2
357,-90.601,14.382,0.000222,19831204,84,2021,2569,52,364,37,18.5,-3,37,3,2,3,1,2
358,-90.601,14.382,0.00000299,19831204,84,2021,2569,52,364,37,18.5,-3,37,3,2,3,1,2
359,-90.601,14.382,0.00000322,19831204,84,2021,2569,52,364,37,18.5,-3,37,3,2,3,1,2
360,-90.601,14.382,0.00000345,19831204,84,2021,2569,52,364,37,18.5,-3,37,3,2,3,1,2
361,-90.601,14.382,0.00000184,19831204,84,2021,2569,52,364,37,18.5,-3,37,3,2,3,1,2
362,-90.601,14.382,0.00000253,19831204,84,2021,2569,52,364,37,18.5,-3,37,3,2,3,1,2
363,-90.601,14.382,0.00000299,19831204,84,2021,2569,52,364,37,18.5,-3,37,3,2,3,1,2
364,-90.601,14.382,0.000075,19840303,8,2021,2569,52,364,37,18.5,-3,37,3,2,3,1,2
365,-90.601,14.382,0.0000536,19840311,13,2021,2569,52,364,37,18.5,-3,37,3,2,3,1,2
366,-90.601,14.382,0.0000419,19840311,13,2021,2569,52,364,37,18.5,-3,37,3,2,3,1,2
367,-90.601,14.382,0.0000773,19840323,37,2021,2569,52,364,37,18.5,-3,37,3,2,3,1,2
368,-90.601,14.382,0.000119,19840509,7,2021,2569,52,364,37,18.5,-3,37,3,2,3,1,2
369,-90.601,14.382,0.00336,19840525,257,2021,2569,52,364,37,18.5,-3,37,3,2,3,1,2
370,-90.601,14.382,0.0000267,19841219,4,2021,2569,52,364,37,18.5,-3,37,3,2,3,1,2
371,-90.601,14.382,0.0000237,19850119,7,2021,2569,52,364,37,18.5,-3,37,3,2,3,1,2
372,-90.601,14.382,0.0000104,19850119,7,2021,2569,52,364,37,18.5,-3,37,3,2,3,1,2
373,-90.601,14.382,0.00000506,19851019,7,2021,2569,52,364,37,18.5,-3,37,3,2,3,1,2
374,-90.601,14.382,0.00000575,19850119,7,2021,2569,52,364,37,18.5,-3,37,3,2,3,1,2
375,-90.601,14.382,0.00000046,19850210,1,2021,2569,52,364,37,18.5,-3,37,3,2,3,1,2
376,-90.601,14.382,0.000342,19850224,27,2021,2569,52,364,37,18.5,-3,37,3,2,3,1,2
377,-90.601,14.382,0.00000253,19850303,7,2021,2569,52,364,37,18.5,-3,37,3,2,3,1,2
378,-90.601,14.382,0.00000529,19850314,1,2021,2569,52,364,37,18.5,-3,37,3,2,3,1,2
379,-90.601,14.382,0.000191,19850630,10,2021,2569,52,364,37,18.5,-3,37,3,2,3,1,2
380,-90.601,14.382,0.000184,19850728,9,2021,2569,52,364,37,18.5,-3,37,3,2,3,1,2
381,-90.601,14.382,0.0000439,19860116,3,2021,2569,52,364,37,18.5,-3,37,3,2,3,1,2
382,-90.601,14.382,0.0000336,19860116,3,2021,2569,52,364,37,18.5,-3,37,3,2,3,1,2
383,-90.601,14.382,0.0000373,19860116,3,2021,2569,52,364,37,18.5,-3,37,3,2,3,1,2
384,-90.601,14.382,0.00016,19860202,3,2021,2569,52,364,37,18.5,-3,37,3,2,3,1,2
385,-90.601,14.382,0.0000699,19860302,5,2021,2569,52,364,37,18.5,-3,37,3,2,3,1,2
386,-90.601,14.382,0.0000518,19860309,1,2021,2569,52,364,37,18.5,-3,37,3,2,3,1,2
387,-90.601,14.382,0.0000577,19861116,7,2021,2569,52,364,37,18.5,-3,37,3,2,3,1,2
388,-90.601,14.382,0.000177,19870121,1,2021,2569,52,364,37,18.5,-3,37,3,2,3,1,2
389,-90.601,14.382,0.000357,19870125,1,2021,2569,52,364,37,18.5,-3,37,3,2,3,1,2
390,-90.601,14.382,0.0000506,19870504,37,2021,2569,52,364,37,18.5,-3,37,3,2,3,1,2
391,-90.601,14.382,0.000725,19870505,26,2021,2569,52,364,37,18.5,-3,37,3,2,3,1,2
392,-90.601,14.382,0.0000915,19870518,7,2021,2569,52,364,37,18.5,-3,37,3,2,3,1,2
393,-90.601,14.382,0.0000495,19870518,7,2021,2569,52,364,37,18.5,-3,37,3,2,3,1,2
394,-90.601,14.382,0.0000787,19870605,5,2021,2569,52,364,37,18.5,-3,37,3,2,3,1,2
395,-90.601,14.382,0.0000702,19870605,5,2021,2569,52,364,37,18.5,-3,37,3,2,3,1,2
396,-90.601,14.382,0.000522,19870614,3,2021,2569,52,364,37,18.5,-3,37,3,2,3,1,2
397,-90.601,14.382,0.000102,19870726,14,2021,2569,52,364,37,18.5,-3,37,3,2,3,1,2
398,-90.601,14.382,0.00006,19870806,6,2021,2569,52,364,37,18.5,-3,37,3,2,3,1,2
399,-90.601,14.382,0.00000874,19870815,1,2021,2569,52,364,37,18.5,-3,37,3,2,3,1,2
400,-90.601,14.382,0.000261,19870821,101,2021,2569,52,364,37,18.5,-3,37,3,2,3,1,2
401,-90.601,14.382,0.0000844,19870827,6,2021,2569,52,364,37,18.5,-3,37,3,2,3,1,2
402,-90.601,14.382,0.000117,19870902,64,2021,2569,52,364,37,18.5,-3,37,3,2,3,1,2
403,-90.601,14.382,0.0000373,19871201,32,2021,2569,52,364,37,18.5,-3,37,3,2,3,1,2
404,-90.601,14.382,0.00000437,19871213,17,2021,2569,52,364,37,18.5,-3,37,3,2,3,1,2
405,-90.601,14.382,0.0000129,19880102,4,2021,2569,52,364,37,18.5,-3,37,3,2,3,1,2
406,-90.601,14.382,0.0000138,19880107,20,2021,2569,52,364,37,18.5,-3,37,3,2,3,1,2
407,-90.601,14.382,0.0000593,19880128,32,2021,2569,52,364,37,18.5,-3,37,3,2,3,1,2
408,-90.601,14.382,0.00000851,19880130,1,2021,2569,52,364,37,18.5,-3,37,3,2,3,1,2
409,-90.601,14.382,0.0000455,19880201,1,2021,2569,52,364,37,18.5,-3,37,3,2,3,1,2
410,-90.601,14.382,0.0000154,19880223,4,2021,2569,52,364,37,18.5,-3,37,3,2,3,1,2
411,-90.601,14.382,0.000202,19880301,21,2021,2569,52,364,37,18.5,-3,37,3,2,3,1,2
412,-90.601,14.382,0.00000644,19880302,1,2021,2569,52,364,37,18.5,-3,37,3,2,3,1,2
413,-90.601,14.382,0.00000276,19880311,2,2021,2569,52,364,37,18.5,-3,37,3,2,3,1,2
414,-90.601,14.382,0.0000023,19880315,3,2021,2569,52,364,37,18.5,-3,37,3,2,3,1,2
415,-90.601,14.382,0.00000184,19880316,1,2021,2569,52,364,37,18.5,-3,37,3,2,3,1,2
416,-90.601,14.382,0.00000276,19880319,1,2021,2569,52,364,37,18.5,-3,37,3,2,3,1,2
417,-90.601,14.382,0.0000101,19880526,64,2021,2569,52,364,37,18.5,-3,37,3,2,3,1,2
418,-90.601,14.382,0.0000145,19880527,2,2021,2569,52,364,37,18.5,-3,37,3,2,3,1,2
419,-90.601,14.382,0.00000575,19880527,11,2021,2569,52,364,37,18.5,-3,37,3,2,3,1,2
420,-90.601,14.382,0.0000113,19880607,2,2021,2569,52,364,37,18.5,-3,37,3,2,3,1,2
421,-90.601,14.382,0.00000713,19880607,2,2021,2569,52,364,37,18.5,-3,37,3,2,3,1,2
422,-90.601,14.382,0.000014,19880608,1,2021,2569,52,364,37,18.5,-3,37,3,2,3,1,2
423,-90.601,14.382,0.00000598,19880608,1,2021,2569,52,364,37,18.5,-3,37,3,2,3,1,2
424,-90.601,14.382,0.00000575,19880608,1,2021,2569,52,364,37,18.5,-3,37,3,2,3,1,2
425,-90.601,14.382,0.0000124,19880610,1,2021,2569,52,364,37,18.5,-3,37,3,2,3,1,2
426,-90.601,14.382,0.00000552,19880610,1,2021,2569,52,364,37,18.5,-3,37,3,2,3,1,2
427,-90.601,14.382,0.00000667,19880611,1,2021,2569,52,364,37,18.5,-3,37,3,2,3,1,2
428,-90.601,14.382,0.00000598,19880611,1,2021,2569,52,364,37,18.5,-3,37,3,2,3,1,2
429,-90.601,14.382,0.00000368,19880612,1,2021,2569,52,364,37,18.5,-3,37,3,2,3,1,2
430,-90.601,14.382,0.00000897,19880614,2,2021,2569,52,364,37,18.5,-3,37,3,2,3,1,2
431,-90.601,14.382,0.00000368,19880617,1,2021,2569,52,364,37,18.5,-3,37,3,2,3,1,2
432,-90.601,14.382,0.0000046,19880618,1,2021,2569,52,364,37,18.5,-3,37,3,2,3,1,2
433,-90.601,14.382,0.0000221,19880619,3,2021,2569,52,364,37,18.5,-3,37,3,2,3,1,2
434,-90.601,14.382,0.00000828,19880620,1,2021,2569,52,364,37,18.5,-3,37,3,2,3,1,2
435,-90.601,14.382,0.0000127,19880623,1,2021,2569,52,364,37,18.5,-3,37,3,2,3,1,2
436,-90.601,14.382,0.0000115,19880623,1,2021,2569,52,364,37,18.5,-3,37,3,2,3,1,2
437,-90.601,14.382,0.0000276,19880624,1,2021,2569,52,364,37,18.5,-3,37,3,2,3,1,2
438,-90.601,14.382,0.0000465,19880626,1,2021,2569,52,364,37,18.5,-3,37,3,2,3,1,2
439,-90.601,14.382,0.0000253,19880626,1,2021,2569,52,364,37,18.5,-3,37,3,2,3,1,2
440,-90.601,14.382,0.0000513,19880627,1,2021,2569,52,364,37,18.5,-3,37,3,2,3,1,2
441,-90.601,14.382,0.0000193,19880627,1,2021,2569,52,364,37,18.5,-3,37,3,2,3,1,2
442,-90.601,14.382,0.0000253,19880627,1,2021,2569,52,364,37,18.5,-3,37,3,2,3,1,2
443,-90.601,14.382,0.0000357,19880628,1,2021,2569,52,364,37,18.5,-3,37,3,2,3,1,2
444,-90.601,14.382,0.0000297,19880628,1,2021,2569,52,364,37,18.5,-3,37,3,2,3,1,2
445,-90.601,14.382,0.000023,19880629,1,2021,2569,52,364,37,18.5,-3,37,3,2,3,1,2
446,-90.601,14.382,0.0000322,19880701,1,2021,2569,52,364,37,18.5,-3,37,3,2,3,1,2
447,-90.601,14.382,0.000032,19880702,1,2021,2569,52,364,37,18.5,-3,37,3,2,3,1,2
448,-90.601,14.382,0.0000301,19880703,4,2021,2569,52,364,37,18.5,-3,37,3,2,3,1,2
449,-90.601,14.382,0.0000177,19880723,1,2021,2569,52,364,37,18.5,-3,37,3,2,3,1,2
450,-90.601,14.382,0.00000529,19880901,17,2021,2569,52,364,37,18.5,-3,37,3,2,3,1,2
451,-90.601,14.382,0.0000182,19881001,3,2021,2569,52,364,37,18.5,-3,37,3,2,3,1,2
452,-90.601,14.382,0.0000267,19881005,1,2021,2569,52,364,37,18.5,-3,37,3,2,3,1,2
453,-90.601,14.382,0.0000311,19881005,1,2021,2569,52,364,37,18.5,-3,37,3,2,3,1,2
454,-90.601,14.382,0.0000173,19881007,1,2021,2569,52,364,37,18.5,-3,37,3,2,3,1,2
455,-90.601,14.382,0.0000221,19881009,1,2021,2569,52,364,37,18.5,-3,37,3,2,3,1,2
456,-90.601,14.382,0.0000184,19881011,1,2021,2569,52,364,37,18.5,-3,37,3,2,3,1,2
457,-90.601,14.382,0.0000124,19881012,2,2021,2569,52,364,37,18.5,-3,37,3,2,3,1,2
458,-90.601,14.382,0.0000193,19881103,1,2021,2569,52,364,37,18.5,-3,37,3,2,3,1,2
459,-90.601,14.382,0.0000258,19881105,1,2021,2569,52,364,37,18.5,-3,37,3,2,3,1,2
460,-90.601,14.382,0.0000357,19881106,6,2021,2569,52,364,37,18.5,-3,37,3,2,3,1,2
461,-90.601,14.382,0.0000156,19881108,2,2021,2569,52,364,37,18.5,-3,37,3,2,3,1,2
462,-90.601,14.382,0.0000198,19881111,2,2021,2569,52,364,37,18.5,-3,37,3,2,3,1,2
463,-90.601,14.382,0.00000276,19881112,1,2021,2569,52,364,37,18.5,-3,37,3,2,3,1,2
464,-90.601,14.382,0.00000782,19881114,1,2021,2569,52,364,37,18.5,-3,37,3,2,3,1,2
465,-90.601,14.382,0.0000152,19881115,1,2021,2569,52,364,37,18.5,-3,37,3,2,3,1,2
466,-90.601,14.382,0.00000115,19881116,1,2021,2569,52,364,37,18.5,-3,37,3,2,3,1,2
467,-90.601,14.382,0.000026,19881118,12,2021,2569,52,364,37,18.5,-3,37,3,2,3,1,2
468,-90.601,14.382,0.0000246,19881118,12,2021,2569,52,364,37,18.5,-3,37,3,2,3,1,2
469,-90.601,14.382,0.00000483,19881118,12,2021,2569,52,364,37,18.5,-3,37,3,2,3,1,2
470,-90.601,14.382,0.0000251,19881201,4,2021,2569,52,364,37,18.5,-3,37,3,2,3,1,2
471,-90.601,14.382,0.00000391,19881206,1,2021,2569,52,364,37,18.5,-3,37,3,2,3,1,2
472,-90.601,14.382,0.0000117,19881208,11,2021,2569,52,364,37,18.5,-3,37,3,2,3,1,2
473,-90.601,14.382,0.00000368,19881220,1,2021,2569,52,364,37,18.5,-3,37,3,2,3,1,2
474,-90.601,14.382,0.00000529,19881221,2,2021,2569,52,364,37,18.5,-3,37,3,2,3,1,2
475,-90.601,14.382,0.00000368,19881224,1,2021,2569,52,364,37,18.5,-3,37,3,2,3,1,2
476,-90.601,14.382,0.00000437,19881226,2,2021,2569,52,364,37,18.5,-3,37,3,2,3,1,2
477,-90.601,14.382,0.00000437,19881229,2,2021,2569,52,364,37,18.5,-3,37,3,2,3,1,2
478,-90.601,14.382,0.00334,19890307,4,2021,2569,52,364,37,18.5,-3,37,3,2,3,1,2
479,-90.601,14.382,0.000868,19890307,4,2021,2569,52,364,37,18.5,-3,37,3,2,3,1,2
480,-90.601,14.382,0.0000513,19900402,1,2021,2569,52,364,37,18.5,-3,37,3,2,3,1,2
481,-90.601,14.382,0.00000529,19900714,1,2021,2569,52,364,37,18.5,-3,37,3,2,3,1,2
482,-90.601,14.382,0.00000483,19900714,1,2021,2569,52,364,37,18.5,-3,37,3,2,3,1,2
483,-90.601,14.382,0.0000124,19900820,1,2021,2569,52,364,37,18.5,-3,37,3,2,3,1,2
484,-90.601,14.382,0.0000202,19900915,1,2021,2569,52,364,37,18.5,-3,37,3,2,3,1,2
485,-90.601,14.382,0.000183,19901103,158,2021,2569,52,364,37,18.5,-3,37,3,2,3,1,2
486,-90.601,14.382,0.0000511,19910104,11,2021,2569,52,364,37,18.5,-3,37,3,2,3,1,2
487,-90.601,14.382,0.0000138,19910104,11,2021,2569,52,364,37,18.5,-3,37,3,2,3,1,2
488,-90.601,14.382,0.00000345,19910104,11,2021,2569,52,364,37,18.5,-3,37,3,2,3,1,2
489,-90.601,14.382,0.00000805,19910104,11,2021,2569,52,364,37,18.5,-3,37,3,2,3,1,2
490,-90.601,14.382,0.00000345,19910206,4,2021,2569,52,364,37,18.5,-3,37,3,2,3,1,2
491,-90.601,14.382,0.0000046,19910511,4,2021,2569,52,364,37,18.5,-3,37,3,2,3,1,2
492,-90.601,14.382,0.0000283,19910611,5,2021,2569,52,364,37,18.5,-3,37,3,2,3,1,2
493,-90.601,14.382,0.00000391,19910614,1,2021,2569,52,364,37,18.5,-3,37,3,2,3,1,2
494,-90.601,14.382,0.000106,19910727,4,2021,2569,52,364,37,18.5,-3,37,3,2,3,1,2
495,-90.601,14.382,0.00172,19911027,73,2021,2569,52,364,37,18.5,-3,37,3,2,3,1,2
496,-90.601,14.382,0.000221,19911110,8,2021,2569,52,364,37,18.5,-3,37,3,2,3,1,2
497,-90.601,14.382,0.0000177,19920501,6,2021,2569,52,364,37,18.5,-3,37,3,2,3,1,2
498,-90.601,14.382,0.0000106,19920501,6,2021,2569,52,364,37,18.5,-3,37,3,2,3,1,2
499,-90.601,14.382,0.000564,19920506,1,2021,2569,52,364,37,18.5,-3,37,3,2,3,1,2
500,-90.601,14.382,0.0000782,19920822,1,2021,2569,52,364,37,18.5,-3,37,3,2,3,1,2
501,-90.601,14.382,0.0000104,19920822,1,2021,2569,52,364,37,18.5,-3,37,3,2,3,1,2
502,-90.601,14.382,0.000197,19920906,9,2021,2569,52,364,37,18.5,-3,37,3,2,3,1,2
503,-90.601,14.382,0.00000966,19920906,9,2021,2569,52,364,37,18.5,-3,37,3,2,3,1,2
504,-90.601,14.382,0.000213,19930110,1,2021,2569,52,364,37,18.5,-3,37,3,2,3,1,2
505,-90.601,14.382,0.000172,19930111,1,2021,2569,52,364,37,18.5,-3,37,3,2,3,1,2
506,-90.601,14.382,0.0000472,19920921,1,2021,2569,52,364,37,18.5,-3,37,3,2,3,1,2
507,-90.601,14.382,0.000123,19931108,7,2021,2569,52,364,37,18.5,-3,37,3,2,3,1,2
508,-90.601,14.382,0.000109,19940205,7,2021,2569,52,364,37,18.5,-3,37,3,2,3,1,2
509,-90.601,14.382,0.000046,19940316,1,2021,2569,52,364,37,18.5,-3,37,3,2,3,1,2
510,-90.601,14.382,0.0000989,19941012,5,2021,2569,52,364,37,18.5,-3,37,3,2,3,1,2
511,-90.601,14.382,0.00011,19941012,5,2021,2569,52,364,37,18.5,-3,37,3,2,3,1,2
512,-90.601,14.382,0.000095,19941012,5,2021,2569,52,364,37,18.5,-3,37,3,2,3,1,2
513,-90.601,14.382,0.0000621,19950614,1,2021,2569,52,364,37,18.5,-3,37,3,2,3,1,2
514,-90.601,14.382,0.000492,19950621,79,2021,2569,52,364,37,18.5,-3,37,3,2,3,1,2
515,-90.601,14.382,0.000871,19961010,2,2021,2569,52,364,37,18.5,-3,37,3,2,3,1,2
516,-90.601,14.382,0.00772,19961111,1,2021,2569,52,364,37,18.5,-3,37,3,2,3,1,2
517,-90.601,14.382,0.000131,19961113,2,2021,2569,52,364,37,18.5,-3,37,3,2,3,1,2
518,-90.601,14.382,0.0000338,19970730,5,2021,2569,52,364,37,18.5,-3,37,3,2,3,1,2
519,-90.601,14.382,0.00295,19980520,1,2021,2569,52,364,37,18.5,-3,37,3,2,3,1,2
520,-90.601,14.382,0.000221,19980520,1,2021,2569,52,364,37,18.5,-3,37,3,2,3,1,2
521,-90.601,14.382,0.000206,19980520,1,2021,2569,52,364,37,18.5,-3,37,3,2,3,1,2
522,-90.601,14.382,0.000166,19980520,1,2021,2569,52,364,37,18.5,-3,37,3,2,3,1,2
523,-90.601,14.382,0.0000527,19980520,1,2021,2569,52,364,37,18.5,-3,37,3,2,3,1,2
524,-90.601,14.382,0.0000403,19980520,1,2021,2569,52,364,37,18.5,-3,37,3,2,3,1,2
525,-90.601,14.382,0.0016,19980918,1,2021,2569,52,364,37,18.5,-3,37,3,2,3,1,2
526,-90.601,14.382,0.00385,19980918,1,2021,2569,52,364,37,18.5,-3,37,3,2,3,1,2
527,-90.601,14.382,0.000117,19980918,1,2021,2569,52,364,37,18.5,-3,37,3,2,3,1,2
528,-90.601,14.382,0.00149,19980918,1,2021,2569,52,364,37,18.5,-3,37,3,2,3,1,2
529,-90.601,14.382,0.000155,19991223,8,2021,2569,52,364,37,18.5,-3,37,3,2,3,1,2
530,-90.601,14.382,0.000168,20000104,6,2021,2569,52,364,37,18.5,-3,37,3,2,3,1,2
531,-90.601,14.382,0.00146,20000110,6,2021,2569,52,364,37,18.5,-3,37,3,2,3,1,2
532,-90.601,14.382,0.00138,20000116,1,2021,2569,52,364,37,18.5,-3,37,3,2,3,1,2
533,-90.601,14.382,0.0011,20000116,1,2021,2569,52,364,37,18.5,-3,37,3,2,3,1,2
534,-90.601,14.382,0.00144,20000122,3,2021,2569,52,364,37,18.5,-3,37,3,2,3,1,2
535,-90.601,14.382,0.00241,20000229,1,2021,2569,52,364,37,18.5,-3,37,3,2,3,1,2
536,-90.601,14.382,0.0000324,20040612,3,2021,2569,52,364,37,18.5,-3,37,3,2,3,1,2
537,-90.601,14.382,0.00262,20041223,237,2021,2569,52,364,37,18.5,-3,37,3,2,3,1,2
538,-90.601,14.382,0.0000775,20050508,7,2021,2569,52,364,37,18.5,-3,37,3,2,3,1,2
539,-90.601,14.382,0.00000851,20060401,3,2021,2569,52,364,37,18.5,-3,37,3,2,3,1,2
540,-90.601,14.382,0.00000184,20060401,3,2021,2569,52,364,37,18.5,-3,37,3,2,3,1,2
541,-90.601,14.382,0.000319,20060404,3,2021,2569,52,364,37,18.5,-3,37,3,2,3,1,2
542,-90.601,14.382,0.0147,20060413,78,2021,2569,52,364,37,18.5,-3,37,3,2,3,1,2
543,-90.601,14.382,0.00418,20080723,210,2021,2569,52,364,37,18.5,-3,37,3,2,3,1,2
544,-90.601,14.382,0.0000515,20090124,6,2021,2569,52,364,37,18.5,-3,37,3,2,3,1,2
545,-90.601,14.382,0.008,20100528,33,2021,2569,52,364,37,18.5,-3,37,3,2,3,1,2
549,-161.894,55.417,0.0289,19810925,2,2022,2493,66,72,77,23,-24,33,3,4,3,1,1
550,-161.894,55.417,0.0109,19801108,2,2022,2493,66,72,77,23,-24,33,3,4,3,1,1
551,120.35,15.13,0.014,19910612,0,2021,1486,121,73,47,31,7,34,3,4,3,1,3
552,120.35,15.13,10.4,19910615,0,2021,1486,121,73,47,31,7,34,3,4,3,1,3
553,120.35,15.13,0.0104,19920709,114,2021,1486,121,73,47,31,7,34,3,4,3,1,3
554,-98.622,19.023,0.000626,19941221,12,2024,5393,68,103,39,23,24,39,3,4,3,1,1
555,-98.622,19.023,0.00118,19950102,70,2024,5393,68,103,39,23,24,39,3,4,3,1,1
556,-72.117,-40.59,0.51,20110604,1,2012,2236,49,181,47,25,15,40,3,4,3,1,1
557,-72.117,-40.59,0.13,20110607,0,2012,2236,49,181,47,25,15,40,3,4,3,1,1
558,-72.117,-40.59,0.028,20110607,0,2012,2236,49,181,47,25,15,40,3,4,3,1,1
559,-72.117,-40.59,0.163,20110615,10,2012,2236,49,181,47,25,15,40,3,4,3,1,1
560,152.1937,-4.2459,0.04,19940919,209,2014,688,58,35,51,18,40,31,1,1,3,1,3
561,152.1937,-4.2459,0.312,19940919,2,2014,688,58,35,51,18,40,31,1,1,3,1,3
562,152.1937,-4.2459,0.2,20061007,0,2014,688,58,35,51,18,40,31,1,1,3,1,3
563,152.1937,-4.2459,0.00079,19940930,26,2014,688,58,35,51,18,40,31,1,1,3,1,3
564,153.25,48.292,0.439,20190621,0,2019,551,56,86,65,26,46,23,3,4,3,3,2
565,120.5302,-8.637,0.013,19880110,13,1991,2288,-26,73,56,37,-29,28,2,5,3,1,1
566,120.5302,-8.637,0.0169,19880123,33,1991,2288,-26,73,56,37,-29,28,2,5,3,1,1
567,120.5302,-8.637,0.0065,19880114,8,1991,2288,-26,73,56,37,-29,28,2,5,3,1,1
568,120.5302,-8.637,0.00598,19880123,33,1991,2288,-26,73,56,37,-29,28,2,5,3,1,1
569,114.056,-8.119,0.195,20150620,54,2022,3260,113,37,67,35,-7,30,3,4,3,1,1
570,-152.742,60.485,0.00075,19891214,0,2009,3108,63,76,53,35,122,38,3,4,3,1,1
571,-152.742,60.485,0.0253,19891215,0,2009,3108,63,76,53,35,122,38,3,4,3,1,1
572,-152.742,60.485,0.0005,19891219,0,2009,3108,63,76,53,35,122,38,3,4,3,1,1
573,-152.742,60.485,0.0505,19900103,0,2009,3108,63,76,53,35,122,38,3,4,3,1,1
574,-152.742,60.485,0.0144,19900108,0,2009,3108,63,76,53,35,122,38,3,4,3,1,1
575,-152.742,60.485,0.0081,19900117,0,2009,3108,63,76,53,35,122,38,3,4,3,1,1
576,-152.742,60.485,0.0249,19900215,0,2009,3108,63,76,53,35,122,38,3,4,3,1,1
577,-152.742,60.485,0.0048,19900121,0,2009,3108,63,76,53,35,122,38,3,4,3,1,1
578,-152.742,60.485,0.00775,19900224,0,2009,3108,63,76,53,35,122,38,3,4,3,1,1
579,-152.742,60.485,0.004,19900228,0,2009,3108,63,76,53,35,122,38,3,4,3,1,1
580,-152.742,60.485,0.00905,19900305,0,2009,3108,63,76,53,35,122,38,3,4,3,1,1
581,-152.742,60.485,0.00595,19900309,0,2009,3108,63,76,53,35,122,38,3,4,3,1,1
582,-152.742,60.485,0.0062,19900314,0,2009,3108,63,76,53,35,122,38,3,4,3,1,1
583,-152.742,60.485,0.0051,19900323,0,2009,3108,63,76,53,35,122,38,3,4,3,1,1
584,-152.742,60.485,0.00635,19900329,0,2009,3108,63,76,53,35,122,38,3,4,3,1,1
585,-152.742,60.485,0.0055,19900407,0,2009,3108,63,76,53,35,122,38,3,4,3,1,1
586,-152.742,60.485,0.0063,19900415,0,2009,3108,63,76,53,35,122,38,3,4,3,1,1
587,-152.742,60.485,0.00345,19900421,0,2009,3108,63,76,53,35,122,38,3,4,3,1,1
588,-152.742,60.485,0.0096,20090323,0,2009,3108,63,76,53,35,122,38,3,4,3,1,1
589,-152.742,60.485,0.0044,20090323,0,2009,3108,63,76,53,35,122,38,3,4,3,1,1
590,-152.742,60.485,0.0151,20090324,0,2009,3108,63,76,53,35,122,38,3,4,3,1,1
591,-152.742,60.485,0.0046,20090326,0,2009,3108,63,76,53,35,122,38,3,4,3,1,1
592,-152.742,60.485,0.0132,20090327,0,2009,3108,63,76,53,35,122,38,3,4,3,1,1
593,-152.742,60.485,0.0078,20090404,0,2009,3108,63,76,53,35,122,38,3,4,3,1,1
594,-152.742,60.485,0.078,19891221,11,2009,3108,63,76,53,35,122,38,3,4,3,1,1
595,-152.742,60.485,0.039,19900102,43,2009,3108,63,76,53,35,122,38,3,4,3,1,1
596,-152.742,60.485,0.0078,19900215,6,2009,3108,63,76,53,35,122,38,3,4,3,1,1
597,-152.742,60.485,0.0078,19900221,3,2009,3108,63,76,53,35,122,38,3,4,3,1,1
598,-152.742,60.485,0.0078,19900224,4,2009,3108,63,76,53,35,122,38,3,4,3,1,1
599,-152.742,60.485,0.0078,19900228,4,2009,3108,63,76,53,35,122,38,3,4,3,1,1
600,-152.742,60.485,0.0078,19900304,5,2009,3108,63,76,53,35,122,38,3,4,3,1,1
601,-152.742,60.485,0.0078,19900309,5,2009,3108,63,76,53,35,122,38,3,4,3,1,1
602,-152.742,60.485,0.0078,19900415,6,2009,3108,63,76,53,35,122,38,3,4,3,1,1
603,-77.656,-0.077,0.2,20021103,0,2024,3562,128,83,70,26,-22,49,3,4,3,1,1
604,-77.656,-0.077,0.0684,20021109,9,2024,3562,128,83,70,26,-22,49,3,4,3,1,1
605,-77.656,-0.077,0.0169,20021118,5,2024,3562,128,83,70,26,-22,49,3,4,3,1,1
606,-77.656,-0.077,0.0172,20041121,8,2024,3562,128,83,70,26,-22,49,3,4,3,1,1
607,-77.656,-0.077,0.0146,20050402,9,2024,3562,128,83,70,26,-22,49,3,4,3,1,1
608,-77.656,-0.077,0.0187,20050518,10,2024,3562,128,83,70,26,-22,49,3,4,3,1,1
609,-77.656,-0.077,0.00156,20050719,4,2024,3562,128,83,70,26,-22,49,3,4,3,1,1
610,-77.656,-0.077,0.00026,20050914,7,2024,3562,128,83,70,26,-22,49,3,4,3,1,1
611,-77.656,-0.077,0.0367,20080728,8,2024,3562,128,83,70,26,-22,49,3,4,3,1,1
612,-77.656,-0.077,0.00494,20091002,5,2024,3562,128,83,70,26,-22,49,3,4,3,1,1
613,175.57,-39.28,0.006,19960616,1,2007,2797,6,78,63,32,10,34,3,4,3,1,1
614,-91.552,14.757,0.312,20000000,3288,2024,3745,54,291,38,19,23,33,3,4,3,1,3
615,161.36,56.653,0.0103,19800915,30,2024,3283,52,52,43,21.5,500,31,3,4,3,1,1
616,161.36,56.653,0.00696,19801015,18,2024,3283,52,52,43,21.5,500,31,3,4,3,1,1
617,161.36,56.653,0.00768,19801102,123,2024,3283,52,52,43,21.5,500,31,3,4,3,1,1
618,161.36,56.653,0.011,19810305,186,2024,3283,52,52,43,21.5,500,31,3,4,3,1,1
619,161.36,56.653,0.0487,19930404,19,2024,3283,52,52,43,21.5,500,31,3,4,3,1,1
620,161.36,56.653,0.102,19930423,34,2024,3283,52,52,43,21.5,500,31,3,4,3,1,1
621,161.36,56.653,0.0607,19930527,157,2024,3283,52,52,43,21.5,500,31,3,4,3,1,1
622,161.36,56.653,0.0278,19931031,137,2024,3283,52,52,43,21.5,500,31,3,4,3,1,1
623,161.36,56.653,0.0679,19940317,116,2024,3283,52,52,43,21.5,500,31,3,4,3,1,1
624,161.36,56.653,0.0679,19940711,110,2024,3283,52,52,43,21.5,500,31,3,4,3,1,1
625,161.36,56.653,0.0218,19941029,73,2024,3283,52,52,43,21.5,500,31,3,4,3,1,1
626,161.36,56.653,0.00072,19950110,27,2024,3283,52,52,43,21.5,500,31,3,4,3,1,1
627,161.36,56.653,0.019,19950206,2312,2024,3283,52,52,43,21.5,500,31,3,4,3,1,1
628,161.36,56.653,0.0127,20010606,42,2024,3283,52,52,43,21.5,500,31,3,4,3,1,1
629,161.36,56.653,0.0312,20010718,21,2024,3283,52,52,43,21.5,500,31,3,4,3,1,1
630,161.36,56.653,0.0146,20010808,70,2024,3283,52,52,43,21.5,500,31,3,4,3,1,1
631,161.36,56.653,0.0571,20011017,77,2024,3283,52,52,43,21.5,500,31,3,4,3,1,1
632,161.36,56.653,0.00216,20040621,2,2024,3283,52,52,43,21.5,500,31,3,4,3,1,1
633,161.36,56.653,0.00024,20040728,41,2024,3283,52,52,43,21.5,500,31,3,4,3,1,1
634,161.36,56.653,0.0352,20050312,23,2024,3283,52,52,43,21.5,500,31,3,4,3,1,1
635,161.36,56.653,0.000504,20050404,23,2024,3283,52,52,43,21.5,500,31,3,4,3,1,1
636,161.36,56.653,0.0969,20070702,63,2024,3283,52,52,43,21.5,500,31,3,4,3,1,1
637,-163.97,54.756,0.0364,19990419,0,2023,2857,63,65,64,26,77,29,3,4,3,1,2
638,-91.17,-0.83,0.405,20051022,9,2018,1124,21,104,20,10,-6,15,4,3,2,2,2
639,-91.17,-0.83,0.423,20180626,59,2018,1124,21,104,20,10,-6,15,4,3,2,2,2
640,98.392,3.17,0.0006,20131218,2,2021,2460,30,94,47,26,13,38,3,4,3,1,1
641,98.392,3.17,0.00155,20131221,7,2021,2460,30,94,47,26,13,38,3,4,3,1,1
642,98.392,3.17,0.00335,20131228,5,2021,2460,30,94,47,26,13,38,3,4,3,1,1
643,98.392,3.17,0.0025,20140102,6,2021,2460,30,94,47,26,13,38,3,4,3,1,1
644,98.392,3.17,0.00065,20140113,3,2021,2460,30,94,47,26,13,38,3,4,3,1,1
645,98.392,3.17,0.000775,20140116,1,2021,2460,30,94,47,26,13,38,3,4,3,1,1
646,98.392,3.17,0.004,20140117,3,2021,2460,30,94,47,26,13,38,3,4,3,1,1
647,98.392,3.17,0.0075,20140206,2,2021,2460,30,94,47,26,13,38,3,4,3,1,1
648,98.392,3.17,0.02,20140225,5,2021,2460,30,94,47,26,13,38,3,4,3,1,1
649,98.392,3.17,0.00156,20140720,8,2021,2460,30,94,47,26,13,38,3,4,3,1,1
650,-62.18,16.72,0.861,19951115,846,2013,915,37,90,83,7,33,25,3,4,3,2,1
651,-62.18,16.72,0.874,19991127,1339,2013,915,37,90,83,7,33,25,3,4,3,2,1
652,-62.18,16.72,0.733,20050801,627,2013,915,37,90,83,7,33,25,3,4,3,2,1
653,-62.18,16.72,0.192,20091009,125,2013,915,37,90,83,7,33,25,3,4,3,2,1
654,-152.251,61.299,0.0312,19920627,0,1992,3374,-6,69,51,37,-10,35,3,4,3,1,1
655,-152.251,61.299,0.0366,19920819,0,1992,3374,-6,69,51,37,-10,35,3,4,3,1,1
656,-152.251,61.299,0.0392,19920917,0,1992,3374,-6,69,51,37,-10,35,3,4,3,1,1
657,-122.18,46.2,0.259,19800518,0,2008,2549,20,44,42,28,12,36,3,4,3,1,3
658,-122.18,46.2,0.415,19800518,0,2008,2549,20,44,42,28,12,36,3,4,3,1,3
659,-122.18,46.2,0.0433,19800525,1,2008,2549,20,44,42,28,12,36,3,4,3,1,3
660,-122.18,46.2,0.058,19800613,0,2008,2549,20,44,42,28,12,36,3,4,3,1,3
661,-122.18,46.2,0.012,19800723,0,2008,2549,20,44,42,28,12,36,3,4,3,1,3
662,-122.18,46.2,0.0663,19801018,425,2008,2549,20,44,42,28,12,36,3,4,3,1,3
663,-122.18,46.2,0.084,19820300,746,2008,2549,20,44,42,28,12,36,3,4,3,1,3
664,-122.18,46.2,0.0502,19840400,934,2008,2549,20,44,42,28,12,36,3,4,3,1,3
665,-122.18,46.2,0.246,20041011,1187,2008,2549,20,44,42,28,12,36,3,4,3,1,3
666,15.213,38.789,0.000125,20030405,0,2024,924,53,63,59,23,-36,30,3,4,3,1,5
667,41.83,15.55,0.0476,20070930,260,2008,244,5,161,23,11.5,-158,23,3,4,2,2,4
668,160.326,55.832,0.541,20121127,16,2013,3611,18,59,45,22.5,500,34,4,3,3,1,2
669,160.326,55.832,0.999,20121214,264,2013,3611,18,59,45,22.5,500,34,4,3,3,1,2
670,-78.442,-1.467,0.00615,20010904,15,2016,5023,40,66,64,27,-3,54,3,4,3,1,1
671,-78.442,-1.467,0.0847,20060816,0,2016,5023,40,66,64,27,-3,54,3,4,3,1,1
672,-78.442,-1.467,0.0041,20110420,10,2016,5023,40,66,64,27,-3,54,3,4,3,1,1
673,-78.442,-1.467,0.00292,20130714,0,2016,5023,40,66,64,27,-3,54,3,4,3,1,1
674,-78.442,-1.467,0.00696,20140201,0,2016,5023,40,66,64,27,-3,54,3,4,3,1,1
676,-71.93,-39.42,0.0014,20150303,0,2024,2847,38,121,47,24,6,41,3,4,3,1,2
677,-164.65,54.516,0.218,19911129,47,1992,1563,102,68,64,29,500,27,3,4,3,1,2
678,-91.35,0.02,0.142,19820828,9,2022,1710,-31,109,18,9,-55,15,4,3,2,2,2
679,-91.35,0.02,0.235,20150525,37,2022,1710,-31,109,18,9,-55,15,4,3,2,2,2
680,145.037,-4.08,0.000132,19740304,9381,2024,1807,26,61,34,17,44,30,3,4,3,1,2
681,-153.435,59.3626,0.000439,20060117,0,2006,1218,25,62,53,33,217,39,3,5,3,1,1
682,130.217,30.443,0.000442,20150529,21,2020,657,25,484,40,18,-5,25,3,4,3,2,1
683,-84.703,10.463,0.00048,19680729,15480,2010,1670,72,16,41,20.5,22,37,3,4,3,1,1
684,-62.18,16.72,0.00048,19950718,3004,2013,915,37,90,83,7,33,25,3,4,3,2,1
685,-168.03,53.93,0.000528,20161220,253,2017,150,48,97,53,26.5,155,27,3,4,3,3,5
686,-62.18,16.72,0.00072,19950718,3004,2013,915,37,90,83,7,33,25,3,4,3,2,1
687,-103.62,19.514,0.000864,19971122,4959,2019,3850,26,54,32,16,-57,32,3,4,3,1,1
688,-62.18,16.72,0.00096,19950718,3004,2013,915,37,90,83,7,33,25,3,4,3,2,1
689,-62.18,16.72,0.00096,19950718,3004,2013,915,37,90,83,7,33,25,3,4,3,2,1
690,-103.62,19.514,0.00108,19971122,4959,2019,3850,26,54,32,16,-57,32,3,4,3,1,1
691,124.737,1.112,0.00144,20070616,146,2020,1785,93,49,40,30,20,30,3,4,3,1,1
692,124.737,1.112,0.00147,20070616,146,2020,1785,93,49,40,30,20,30,3,4,3,1,1
693,124.737,1.112,0.00182,20080606,149,2020,1785,93,49,40,30,20,30,3,4,3,1,1
694,-103.62,19.514,0.0019,19971122,4959,2019,3850,26,54,32,16,-57,32,3,4,3,1,1
695,-103.62,19.514,0.00192,19971122,4959,2019,3850,26,54,32,16,-57,32,3,4,3,1,1
696,-62.18,16.72,0.00192,19950718,3004,2013,915,37,90,83,7,33,25,3,4,3,2,1
697,-103.62,19.514,0.00216,19971122,4959,2019,3850,26,54,32,16,-57,32,3,4,3,1,1
698,-84.703,10.463,0.00216,19680729,15480,2010,1670,72,16,41,20.5,22,37,3,4,3,1,1
700,160.595,55.972,0.0024,20040113,0,2024,2882,13,58,44,22,500,33,3,4,3,1,1
701,160.595,55.972,0.0024,20030726,0,2024,2882,13,58,44,22,500,33,3,4,3,1,1
702,-62.18,16.72,0.0024,19950718,3004,2013,915,37,90,83,7,33,25,3,4,3,2,1
703,-62.18,16.72,0.0024,19950718,3004,2013,915,37,90,83,7,33,25,3,4,3,2,1
704,-62.18,16.72,0.0024,19950718,3004,2013,915,37,90,83,7,33,25,3,4,3,2,1
705,-62.18,16.72,0.0024,19950718,3004,2013,915,37,90,83,7,33,25,3,4,3,2,1
706,-62.18,16.72,0.0024,19950718,3004,2013,915,37,90,83,7,33,25,3,4,3,2,1
707,-62.18,16.72,0.0024,19950718,3004,2013,915,37,90,83,7,33,25,3,4,3,2,1
708,-122.18,46.2,0.0024,19800327,2406,2008,2549,20,44,42,28,12,36,3,4,3,1,3
709,-122.18,46.2,0.0024,19800327,2406,2008,2549,20,44,42,28,12,36,3,4,3,1,3
710,-78.442,-1.467,0.00293,20111127,1571,2016,5023,40,66,64,27,-3,54,3,4,3,1,1
711,-78.442,-1.467,0.00415,20111127,1571,2016,5023,40,66,64,27,-3,54,3,4,3,1,1
712,-62.18,16.72,0.00456,19950718,3004,2013,915,37,90,83,7,33,25,3,4,3,2,1
713,160.595,55.972,0.0048,20091216,0,2024,2882,13,58,44,22,500,33,3,4,3,1,1
714,-62.18,16.72,0.006,19950718,3004,2013,915,37,90,83,7,33,25,3,4,3,2,1
715,-62.18,16.72,0.00624,19950718,3004,2013,915,37,90,83,7,33,25,3,4,3,2,1
716,-103.62,19.514,0.00653,19971122,4959,2019,3850,26,54,32,16,-57,32,3,4,3,1,1
717,160.595,55.972,0.0072,20070819,0,2024,2882,13,58,44,22,500,33,3,4,3,1,1
718,-62.18,16.72,0.0072,19950718,3004,2013,915,37,90,83,7,33,25,3,4,3,2,1
719,-62.18,16.72,0.0072,19950718,3004,2013,915,37,90,83,7,33,25,3,4,3,2,1
720,160.642,56.056,0.0072,19941001,0,2023,4754,14,58,44,22,500,32,3,4,3,1,2
721,-122.18,46.2,0.0072,19800327,2406,2008,2549,20,44,42,28,12,36,3,4,3,1,3
722,-122.18,46.2,0.0072,19800327,2406,2008,2549,20,44,42,28,12,36,3,4,3,1,3
723,112.922,-8.108,0.0084,19670831,15786,2024,3657,161,23,75,35,-63,30,3,4,3,1,1
724,-62.18,16.72,0.0084,19950718,3004,2013,915,37,90,83,7,33,25,3,4,3,2,1
725,-62.18,16.72,0.0096,19950718,3004,2013,915,37,90,83,7,33,25,3,4,3,2,1
726,-62.18,16.72,0.0096,19950718,3004,2013,915,37,90,83,7,33,25,3,4,3,2,1
727,-62.18,16.72,0.0096,19950718,3004,2013,915,37,90,83,7,33,25,3,4,3,2,1
728,-122.18,46.2,0.0096,19800327,2406,2008,2549,20,44,42,28,12,36,3,4,3,1,3
729,160.595,55.972,0.012,20060509,0,2024,2882,13,58,44,22,500,33,3,4,3,1,1
730,160.595,55.972,0.012,20010806,4,2024,2882,13,58,44,22,500,33,3,4,3,1,1
731,123.685,13.257,0.012,20010108,212,2024,2462,78,41,44,15,0,25,3,4,3,1,1
732,-62.18,16.72,0.012,19950718,3004,2013,915,37,90,83,7,33,25,3,4,3,2,1
733,-62.18,16.72,0.012,19950718,3004,2013,915,37,90,83,7,33,25,3,4,3,2,1
734,145.037,-4.08,0.012,19740304,9381,2024,1807,26,61,34,17,44,30,3,4,3,1,2
735,112.922,-8.108,0.0132,19670831,15172,2024,3657,161,23,75,35,-63,30,3,4,3,1,1
736,-62.18,16.72,0.0144,19950718,3004,2013,915,37,90,83,7,33,25,3,4,3,2,1
737,124.737,1.112,0.0148,20080606,149,2020,1785,93,49,40,30,20,30,3,4,3,1,1
738,112.922,-8.108,0.0149,19670831,15172,2024,3657,161,23,75,35,-63,30,3,4,3,1,1
739,112.922,-8.108,0.0151,19670831,15172,2024,3657,161,23,75,35,-63,30,3,4,3,1,1
740,-62.18,16.72,0.0154,19950718,3004,2013,915,37,90,83,7,33,25,3,4,3,2,1
741,-152.742,60.485,0.0168,19891214,188,2009,3108,63,76,53,35,122,38,3,4,3,1,1
742,151.33,-5.05,0.018,19851117,5,2023,2334,94,9,47,18,-45,28,3,4,3,1,2
744,-62.18,16.72,0.021,19950718,3004,2013,915,37,90,83,7,33,25,3,4,3,2,1
745,160.595,55.972,0.0216,19931021,8,2024,2882,13,58,44,22,500,33,3,4,3,1,1
746,-152.742,60.485,0.024,19891214,188,2009,3108,63,76,53,35,122,38,3,4,3,1,1
747,160.595,55.972,0.024,19810612,2,2024,2882,13,58,44,22,500,33,3,4,3,1,1
748,-122.18,46.2,0.024,19800327,2406,2008,2549,20,44,42,28,12,36,3,4,3,1,3
749,108.058,-7.25,0.0288,19820405,278,1984,2168,117,93,72,30,150,32,3,4,3,1,2
750,-62.18,16.72,0.0295,19950718,3004,2013,915,37,90,83,7,33,25,3,4,3,2,1
751,-67.73,-23.37,0.0312,19930130,198,2023,5592,82,175,83,29,10,56,3,4,3,1,1
752,160.595,55.972,0.0336,19841013,2,2024,2882,13,58,44,22,500,33,3,4,3,1,1
753,-62.18,16.72,0.0343,19950718,3004,2013,915,37,90,83,7,33,25,3,4,3,2,1
754,160.595,55.972,0.036,19970508,1,2024,2882,13,58,44,22,500,33,3,4,3,1,1
755,160.595,55.972,0.0384,19861217,0,2024,2882,13,58,44,22,500,33,3,4,3,1,1
756,160.595,55.972,0.0408,20071105,0,2024,2882,13,58,44,22,500,33,3,4,3,1,1
757,-75.324,4.892,0.0408,19850911,2131,2024,5279,30,141,168,27,27,46,3,4,3,1,1
758,160.595,55.972,0.0432,20070511,0,2024,2882,13,58,44,22,500,33,3,4,3,1,1
759,160.595,55.972,0.0432,19900309,1,2024,2882,13,58,44,22,500,33,3,4,3,1,1
760,160.595,55.972,0.0458,19800418,1,2024,2882,13,58,44,22,500,33,3,4,3,1,1
761,160.595,55.972,0.048,20071014,0,2024,2882,13,58,44,22,500,33,3,4,3,1,1
762,-78.442,-1.467,0.0528,19991005,3564,2016,5023,40,66,64,27,-3,54,3,4,3,1,1
763,160.595,55.972,0.0552,20100531,0,2024,2882,13,58,44,22,500,33,3,4,3,1,1
764,-62.18,16.72,0.06,19950718,3004,2013,915,37,90,83,7,33,25,3,4,3,2,1
765,-62.18,16.72,0.0672,19950718,3004,2013,915,37,90,83,7,33,25,3,4,3,2,1
766,112.314,-7.935,0.0696,19910210,31,2014,1730,111,22,76,34,-31,32,3,4,3,1,1
767,123.685,13.257,0.072,19840909,27,2024,2462,78,41,44,15,0,25,3,4,3,1,1
768,-78.442,-1.467,0.085,19991005,3564,2016,5023,40,66,64,27,-3,54,3,4,3,1,1
769,110.446,-7.54,0.0871,20101026,13,2024,2910,103,65,77,28,23,35,3,4,3,1,1
770,160.595,55.972,0.0888,19850630,1,2024,2882,13,58,44,22,500,33,3,4,3,1,1
771,-62.18,16.72,0.096,19950718,3004,2013,915,37,90,83,7,33,25,3,4,3,2,1
772,-62.18,16.72,0.108,19950718,3004,2013,915,37,90,83,7,33,25,3,4,3,2,1
773,-152.742,60.485,0.115,19891214,188,2009,3108,63,76,53,35,122,38,3,4,3,1,1
774,-93.2297,17.3602,0.12,19820328,167,1982,1150,58,42,66,30,-19,34,3,5,3,1,5
775,-77.656,-0.077,0.132,20021103,0,2024,3562,128,83,70,26,-22,49,3,4,3,1,1
776,-72.618,-41.33,0.146,20150422,1,2015,1974,35,136,47,26,4,38,3,4,3,1,1
777,-175.508,52.177,0.168,20080807,2,2008,314,174,82,55,27.5,103,19,3,4,3,3,2
779,98.392,3.17,0.218,20130915,1810,2021,2460,30,94,47,26,13,38,3,4,3,1,1
780,-153.435,59.3626,0.264,19860327,157,2006,1218,25,62,53,33,217,39,3,5,3,1,1
781,160.32,55.131,0.353,20101111,395,2013,2334,128,46,47,23.5,-487,33,3,4,3,1,1
782,-62.18,16.72,0.504,19950718,3004,2013,915,37,90,83,7,33,25,3,4,3,2,1
784,120.35,15.13,12.3,19910402,153,2021,1486,121,73,47,31,7,34,3,4,3,1,3
785,-103.62,19.514,0.00036,19971031,4981,2019,3850,26,54,32,16,-57,32,3,4,3,1,1
786,-103.62,19.514,0.00036,19971031,4981,2019,3850,26,54,32,16,-57,32,3,4,3,1,1
787,-168.03,53.93,0.000576,20161220,255,2017,150,48,97,53,26.5,155,27,3,4,3,3,5
788,-168.03,53.93,0.00072,20161220,255,2017,150,48,97,53,26.5,155,27,3,4,3,3,5
789,110.446,-7.54,0.00113,20180511,770,2024,2910,103,65,77,28,23,35,3,4,3,1,1
790,160.595,55.972,0.00331,20030726,5,2024,2882,13,58,44,22,500,33,3,4,3,1,1
791,-67.73,-23.37,0.0036,19871116,875,2023,5592,82,175,83,29,10,56,3,4,3,1,1
792,-103.62,19.514,0.00458,19971122,4959,2019,3850,26,54,32,16,-57,32,3,4,3,1,1
793,98.392,3.17,0.0048,20130915,1810,2021,2460,30,94,47,26,13,38,3,4,3,1,1
794,125.407,2.781,0.0048,20100806,130,2023,1797,52,58,34,17,4,24,3,4,3,2,1
795,-103.62,19.514,0.00504,19971122,4959,2019,3850,26,54,32,16,-57,32,3,4,3,1,1
796,-103.62,19.514,0.00514,19971122,4959,2019,3850,26,54,32,16,-57,32,3,4,3,1,1
797,160.595,55.972,0.00576,20080711,42,2024,2882,13,58,44,22,500,33,3,4,3,1,1
798,-98.622,19.023,0.00578,19960305,2812,2024,5393,68,103,39,23,24,39,3,4,3,1,1
799,-122.18,46.2,0.00672,19800327,2401,2008,2549,20,44,42,28,12,36,3,4,3,1,3
800,-153.435,59.3626,0.00691,20051209,143,2006,1218,25,62,53,33,217,39,3,5,3,1,1
801,-78.598,-0.171,0.0072,19980807,1023,2002,4784,166,77,61,25,-24,49,3,4,3,1,1
802,160.595,55.972,0.00744,20070510,224,2024,2882,13,58,44,22,500,33,3,4,3,1,1
803,98.392,3.17,0.00768,20130915,1810,2021,2460,30,94,47,26,13,38,3,4,3,1,1
804,-152.742,60.485,0.0096,19891214,41,2009,3108,63,76,53,35,122,38,3,4,3,1,1
805,-71.857,-15.787,0.0103,20161106,2035,2024,5960,110,159,64,38,42,60,3,4,3,1,1
806,160.595,55.972,0.0119,20040114,397,2024,2882,13,58,44,22,500,33,3,4,3,1,1
807,110.446,-7.54,0.012,20101026,629,2024,2910,103,65,77,28,23,35,3,4,3,1,1
808,120.5302,-8.637,0.012,19871228,478,1991,2288,-26,73,56,37,-29,28,2,5,3,1,1
809,-122.18,46.2,0.0154,19800327,2401,2008,2549,20,44,42,28,12,36,3,4,3,1,3
810,-98.622,19.023,0.0166,19960305,2812,2024,5393,68,103,39,23,24,39,3,4,3,1,1
811,-77.37,1.22,0.0202,20081021,441,2014,4276,170,172,89,27,-28,45,3,2,3,1,1
812,-122.18,46.2,0.0252,19800327,2401,2008,2549,20,44,42,28,12,36,3,4,3,1,3
813,160.595,55.972,0.0305,19950916,22,2024,2882,13,58,44,22,500,33,3,4,3,1,1
814,-122.18,46.2,0.035,19800327,2401,2008,2549,20,44,42,28,12,36,3,4,3,1,3
815,-122.18,46.2,0.0444,19800327,2401,2008,2549,20,44,42,28,12,36,3,4,3,1,3
816,-122.18,46.2,0.053,19800327,2401,2008,2549,20,44,42,28,12,36,3,4,3,1,3
817,-122.18,46.2,0.0588,19800327,2401,2008,2549,20,44,42,28,12,36,3,4,3,1,3
818,115.508,-8.343,0.0646,20171121,572,2019,2997,26,46,60,37,119,31,3,4,3,1,1
819,-122.18,46.2,0.0653,19800327,2401,2008,2549,20,44,42,28,12,36,3,4,3,1,3
820,-122.18,46.2,0.0763,19800327,2401,2008,2549,20,44,42,28,12,36,3,4,3,1,3
821,115.508,-8.343,0.0874,20171121,572,2019,2997,26,46,60,37,119,31,3,4,3,1,1
822,-76.03,2.93,0.125,20081026,1178,2012,5364,231,102,134,39,23,46,3,4,3,1,1
823,-122.18,46.2,0.128,19800327,2401,2008,2549,20,44,42,28,12,36,3,4,3,1,3
824,-122.18,46.2,0.13,19800327,2401,2008,2549,20,44,42,28,12,36,3,4,3,1,3
825,-122.18,46.2,0.139,19800327,2401,2008,2549,20,44,42,28,12,36,3,4,3,1,3
826,-153.435,59.3626,0.144,19860327,154,2006,1218,25,62,53,33,217,39,3,5,3,1,1
827,-122.18,46.2,0.149,19800327,2401,2008,2549,20,44,42,28,12,36,3,4,3,1,3
828,-122.18,46.2,0.163,19800327,2401,2008,2549,20,44,42,28,12,36,3,4,3,1,3
829,-152.742,60.485,0.173,20090315,106,2009,3108,63,76,53,35,122,38,3,4,3,1,1
830,-62.18,16.72,0.178,20050415,2850,2013,915,37,90,83,7,33,25,3,4,3,2,1
831,-122.18,46.2,0.178,19800327,2401,2008,2549,20,44,42,28,12,36,3,4,3,1,3
832,-62.18,16.72,0.182,20050415,2850,2013,915,37,90,83,7,33,25,3,4,3,2,1
833,-72.6514,-42.8349,0.192,20080502,1124,2011,1122,25,81,47,24,3,35,1,1,3,1,6
834,161.36,56.653,0.449,19900110,1861,2024,3283,52,52,43,21.5,500,31,3,4,3,1,1
835,161.36,56.653,0.456,19990815,8321,2024,3283,52,52,43,21.5,500,31,3,4,3,1,1
836,-62.18,16.72,0.677,20050415,2850,2013,915,37,90,83,7,33,25,3,4,3,2,1
837,-62.18,16.72,0.794,19950718,3000,2013,915,37,90,83,7,33,25,3,4,3,2,1
838,-62.18,16.72,0.806,19950718,3000,2013,915,37,90,83,7,33,25,3,4,3,2,1
839,160.595,55.972,0.898,19810612,710,2024,2882,13,58,44,22,500,33,3,4,3,1,1
840,160.595,55.972,1.01,19931021,108,2024,2882,13,58,44,22,500,33,3,4,3,1,1
841,161.36,56.653,1.13,19990815,0,2024,3283,52,52,43,21.5,500,31,3,4,3,1,1
842,161.36,56.653,1.15,19990815,0,2024,3283,52,52,43,21.5,500,31,3,4,3,1,1
843,160.595,55.972,1.25,20060416,253,2024,2882,13,58,44,22,500,33,3,4,3,1,1
844,160.595,55.972,1.42,20100521,4390,2024,2882,13,58,44,22,500,33,3,4,3,1,1
845,161.36,56.653,1.9,19990815,8321,2024,3283,52,52,43,21.5,500,31,3,4,3,1,1
846,161.36,56.653,1.9,19990815,8321,2024,3283,52,52,43,21.5,500,31,3,4,3,1,1
847,-72.6514,-42.8349,2.4,20080502,1124,2011,1122,25,81,47,24,3,35,1,1,3,1,6
848,160.595,55.972,0.000144,19900129,669,2024,2882,13,58,44,22,500,33,3,4,3,1,1
849,124.737,1.112,0.000432,20080606,149,2020,1785,93,49,40,30,20,30,3,4,3,1,1
850,35.914,-2.764,0.00048,20070616,1211,2024,2962,-37,38,100,29,36,33,3,4,2,1,7
851,160.595,55.972,0.0006,20070510,228,2024,2882,13,58,44,22,500,33,3,4,3,1,1
852,124.737,1.112,0.000619,20070616,146,2020,1785,93,49,40,30,20,30,3,4,3,1,1
853,160.642,56.056,0.00072,19800306,7,2023,4754,14,58,44,22,500,32,3,4,3,1,2
854,130.862,31.934,0.000725,20180301,118,2018,1700,20,0,41,16,-40,33,4,3,3,1,1
855,-155.287,19.421,0.00103,19970130,1,2024,1222,56,36,76,15,-65,15,4,3,1,2,2
856,-159.38,56.17,0.0012,20130613,121,2021,2507,55,116,71,24,221,35,3,4,3,1,1
857,160.595,55.972,0.00142,19800418,1,2024,2882,13,58,44,22,500,33,3,4,3,1,1
858,160.595,55.972,0.00144,19810612,709,2024,2882,13,58,44,22,500,33,3,4,3,1,1
859,160.595,55.972,0.00204,20060416,257,2024,2882,13,58,44,22,500,33,3,4,3,1,1
860,-90.601,14.382,0.00286,20040719,419,2021,2569,52,364,37,18.5,-3,37,3,2,3,1,2
861,-161.894,55.417,0.00355,20130513,44,2022,2493,66,72,77,23,-24,33,3,4,3,1,1
862,125.407,2.781,0.0048,20100806,132,2023,1797,52,58,34,17,4,24,3,4,3,2,1
863,151.33,-5.05,0.0048,19851117,5,2023,2334,94,9,47,18,-45,28,3,4,3,1,2
864,-161.894,55.417,0.0048,19801108,5,2022,2493,66,72,77,23,-24,33,3,4,3,1,1
865,120.5302,-8.637,0.0066,19871228,475,1991,2288,-26,73,56,37,-29,28,2,5,3,1,1
866,-78.442,-1.467,0.0072,20111127,1571,2016,5023,40,66,64,27,-3,54,3,4,3,1,1
867,-90.601,14.382,0.00912,20060309,1692,2021,2569,52,364,37,18.5,-3,37,3,2,3,1,2
868,-161.894,55.417,0.0096,20140531,2,2022,2493,66,72,77,23,-24,33,3,4,3,1,1
869,139.526,34.094,0.0113,19831003,1,2010,775,101,64,49,22,94,23,3,4,3,2,2
870,-161.894,55.417,0.0125,19810925,2,2022,2493,66,72,77,23,-24,33,3,4,3,1,1
871,-78.442,-1.467,0.0144,20091005,3564,2016,5023,40,66,64,27,-3,54,3,4,3,1,1
872,105.4233,-6.1009,0.0164,19920101,1827,2023,285,8,114,73,26,7,28,1,1,3,1,1
873,153.2,48.092,0.024,20090611,35,2021,1496,63,86,66,26,43,22,3,4,3,3,1
874,168.12,-16.25,0.024,19880212,193,2024,1334,19,95,28,12,374,11,4,3,3,3,2
875,123.685,13.257,0.0288,20010108,212,2024,2462,78,41,44,15,0,25,3,4,3,1,1
876,-90.601,14.382,0.0338,19900104,3709,2021,2569,52,364,37,18.5,-3,37,3,2,3,1,2
877,-90.601,14.382,0.035,19650704,8650,2021,2569,52,364,37,18.5,-3,37,3,2,3,1,2
878,139.394,34.724,0.0432,19861115,33,1990,746,91,155,55,23,98,27,3,4,3,2,2
879,125.407,2.781,0.0458,19990314,1689,2023,1797,52,58,34,17,4,24,3,4,3,2,1
880,14.999,37.748,0.0461,19940617,2610,2024,3357,135,35,61,22,-116,31,3,4,3,1,4
881,-84.703,10.463,0.0526,19680729,15480,2010,1670,72,16,41,20.5,22,37,3,4,3,1,1
882,41.83,15.55,0.0528,20070930,260,2008,244,5,161,23,11.5,-158,23,3,4,2,2,4
883,159.443,54.049,0.055,19960102,1814,2024,1513,55,57,52,34,-144,35,3,4,3,1,1
884,105.4233,-6.1009,0.0552,20180618,669,2023,285,8,114,73,26,7,28,1,1,3,1,1
885,-161.894,55.417,0.0576,19860416,850,2022,2493,66,72,77,23,-24,33,3,4,3,1,1
886,-19.633,63.633,0.06,20100320,95,2010,1651,29,87,38,14,420,24,3,4,2,2,2
887,40.553,13.793,0.061,20081103,43,2008,578,3,111,24,12,-6,24,2,8,2,3,2
888,-153.435,59.3626,0.0622,20051209,139,2006,1218,25,62,53,33,217,39,3,5,3,1,1
889,123.685,13.257,0.0624,19840909,27,2024,2462,78,41,44,15,0,25,3,4,3,1,1
890,14.999,37.748,0.0708,20021026,94,2024,3357,135,35,61,22,-116,31,3,4,3,1,4
892,-77.656,-0.077,0.0864,20021103,68,2024,3562,128,83,70,26,-22,49,3,4,3,1,1
893,-103.62,19.514,0.0934,19971122,4959,2019,3850,26,54,32,16,-57,32,3,4,3,1,1
894,-24.35,14.95,0.11,20131123,77,2015,2829,19,60,80,13,-8,11,3,4,1,3,7
895,29.2,-1.408,0.12,19961201,4,2024,3058,39,112,131,27,40,34,4,3,2,1,4
896,160.642,56.056,0.12,19861127,1389,2023,4754,14,58,44,22,500,32,3,4,3,1,2
897,160.642,56.056,0.12,19850816,158,2023,4754,14,58,44,22,500,32,3,4,3,1,2
898,160.642,56.056,0.12,19830308,85,2023,4754,14,58,44,22,500,32,3,4,3,1,2
899,-91.35,0.02,0.152,20150525,8,2022,1710,-31,109,18,9,-55,15,4,3,2,2,2
900,29.2,-1.408,0.161,19800130,25,2024,3058,39,112,131,27,40,34,4,3,2,1,4
901,-91.408,-0.92,0.162,19980915,36,2008,1640,20,107,20,10,13,15,4,3,2,2,2
902,114.056,-8.119,0.18,20141123,280,2022,3260,113,37,67,35,-7,30,3,4,3,1,1
903,14.999,37.748,0.19,19790703,5019,2024,3357,135,35,61,22,-116,31,3,4,3,1,4
904,-72.6514,-42.8349,0.192,20080502,1124,2011,1122,25,81,47,24,3,35,1,1,3,1,6
905,150.5161,-5.5745,0.192,20020803,235,2012,724,172,6,44,31,-14,27,1,1,3,1,3
906,98.392,3.17,0.225,20130915,1810,2021,2460,30,94,47,26,13,38,3,4,3,1,1
907,-19.666,63.983,0.228,20000226,11,2000,1490,44,93,39,13,-207,25,3,4,2,2,1
908,29.2,-1.408,0.228,19890424,113,2024,3058,39,112,131,27,40,34,4,3,2,1,4
909,160.642,56.056,0.24,19840310,324,2023,4754,14,58,44,22,500,32,3,4,3,1,2
910,-19.666,63.983,0.298,19800817,3,2000,1490,44,93,39,13,-207,25,3,4,2,2,1
911,29.2,-1.408,0.302,19811225,20,2024,3058,39,112,131,27,40,34,4,3,2,1,4
912,29.2,-1.408,0.314,19910920,507,2024,3058,39,112,131,27,40,34,4,3,2,1,4
913,160.642,56.056,0.331,20150828,1022,2023,4754,14,58,44,22,500,32,3,4,3,1,2
914,29.2,-1.408,0.336,20010206,58,2024,3058,39,112,131,27,40,34,4,3,2,1,4
915,-164.65,54.516,0.348,19911129,46,1992,1563,102,68,64,29,500,27,3,4,3,1,2
916,-91.17,-0.83,0.36,20051022,8,2018,1124,21,104,20,10,-6,15,4,3,2,2,2
917,160.642,56.056,0.365,20090801,506,2023,4754,14,58,44,22,500,32,3,4,3,1,2
918,-168.13,53.43,0.37,19970211,97,2008,1073,150,85,54,27,125,26,4,3,3,3,2
919,-91.17,-0.83,0.454,20180626,58,2018,1124,21,104,20,10,-6,15,4,3,2,2,2
920,160.32,55.131,0.468,20101111,1037,2013,2334,128,46,47,23.5,-487,33,3,4,3,1,1
921,-71.586,-38.379,0.552,19881225,395,1990,2832,58,221,55,25,-4,43,3,4,3,1,1
922,55.708,-21.244,0.566,20060720,285,2023,2632,81,45,75,26,-50,16,4,3,1,2,2
923,-19.666,63.983,0.578,19910117,53,2000,1490,44,93,39,13,-207,25,3,4,2,2,1
925,-72.117,-40.59,0.96,20110604,322,2012,2236,49,181,47,25,15,40,3,4,3,1,1
926,-17.316,64.416,1.08,19960930,37,2011,1719,39,115,40,16,107,26,1,1,2,2,2
927,-155.287,19.421,1.34,19830925,3067,2024,1222,56,36,76,15,-65,15,4,3,1,2,2
928,160.326,55.832,1.38,20121127,282,2013,3611,18,59,45,22.5,500,34,4,3,3,1,2
929,-155.287,19.421,2.12,19920217,1808,2024,1222,56,36,76,15,-65,15,4,3,1,2,2
930,-155.287,19.421,2.83,20180430,96,2024,1222,56,36,76,15,-65,15,4,3,1,2,2
931,-17.516,64.633,3.46,20140829,182,2015,2000,55,128,40,15,-110,26,3,4,2,2,2
